1,1950,赤組,1,赤坂 小梅,三池炭坑節
1,1950,赤組,1,暁 テル子,リオのポポ売り
1,1950,赤組,1,菊池 章子,母紅梅の唄
1,1950,赤組,1,菅原 都々子,憧れの住む町
1,1950,赤組,1,二葉 あき子,星のためいき
1,1950,赤組,1,松島 詩子,上海の花売娘
1,1950,赤組,1,渡辺 はま子,桑港のチャイナタウン
1,1950,白組,1,近江 俊郎,湯の町エレジー
1,1950,白組,1,楠木 繁夫,紅燃ゆる地平線
1,1950,白組,1,東海林 太郎,赤城かりがね または 国境の町
1,1950,白組,1,鈴木 正夫,常磐炭坑節
1,1950,白組,1,鶴田 六郎,港の恋唄
1,1950,白組,1,林 伊佐緒,銀座夜曲
1,1950,白組,1,藤山 一郎,長崎の鐘
2,1951,赤組,2,暁 テル子,東京シューシャイン・ボーイ
2,1951,赤組,1,池 真理子,恋の街角で
2,1951,赤組,1,笠置 シヅ子,買物ブギ
2,1951,赤組,1,久保 幸江,ヤットン節
2,1951,赤組,1,越路 吹雪,ビギン・ザ・ビギン
2,1951,赤組,1,三条 町子,東京悲歌
2,1951,赤組,2,菅原 都々子,江の島悲歌
2,1951,赤組,1,轟 夕起子,腰抜け二挺拳銃
2,1951,赤組,1,平野 愛子,虹よいつまでも
2,1951,赤組,2,二葉 あき子,モロッコから来た女
2,1951,赤組,1,三原 純子,しのび泣く雨
2,1951,赤組,2,渡辺 はま子,桑港のチャイナタウン
2,1951,白組,1,伊藤 久男,山のけむり
2,1951,白組,1,宇都美 清,さすらいの旅路
2,1951,白組,1,岡本 敦郎,あこがれの郵便馬車
2,1951,白組,1,霧島 昇,赤い椿の港町
2,1951,白組,2,鈴木 正夫,豊年踊り
2,1951,白組,1,瀬川 伸,上州鴉
2,1951,白組,1,竹山 逸郎,愛染橋
2,1951,白組,1,津村 謙,上海帰りのリル
2,1951,白組,2,鶴田 六郎,航海シャンソン
2,1951,白組,1,灰田 勝彦,アルプスの牧場
2,1951,白組,2,林 伊佐緒,ダゴタの黄昏
2,1951,白組,2,藤山 一郎,オリンピックの歌
3,1952,赤組,3,暁 テル子,東京シューシャイン・ボーイ
3,1952,赤組,1,荒井 恵子,ポカピカパカ
3,1952,赤組,2,池 真理子,祇園ブギ
3,1952,赤組,1,乙羽 信子,初恋椿
3,1952,赤組,2,笠置 シヅ子,ホームラン・ブギ
3,1952,赤組,2,菊池 章子,母の瞳
3,1952,赤組,1,久慈 あさみ,ボタンとリボン
3,1952,赤組,1,月丘 夢路,新雪
3,1952,赤組,1,奈良 光枝,白樺の宿
3,1952,赤組,2,平野 愛子,恋ひとたび
3,1952,赤組,3,二葉 あき子,パダム・パダム
3,1952,赤組,2,松島 詩子,マロニエの木蔭
3,1952,白組,2,伊藤 久男,オロチョンの火祭り
3,1952,白組,2,近江 俊郎,湯の町月夜
3,1952,白組,2,岡本 敦郎,青春のファンタジア
3,1952,白組,2,霧島 昇,月が出た出た
3,1952,白組,1,高 英男,ロマンス
3,1952,白組,2,竹山 逸郎,心の旅路
3,1952,白組,2,津村 謙,東京の椿姫
3,1952,白組,3,鶴田 六郎,長崎の精霊祭り
3,1952,白組,1,ディック・ミネ,キッス・オブ・ファイヤー
3,1952,白組,2,灰田 勝彦,野球小僧
3,1952,白組,3,林 伊佐緒,ダイナ・ブルース
3,1952,白組,3,藤山 一郎,東京ラプソディー
4,1953,赤組,2,赤坂 小梅,おてもやん
4,1953,赤組,1,淡谷 のり子,アデュー
4,1953,赤組,3,池 真理子,星降る汀
4,1953,赤組,1,江利 チエミ,ガイ・イズ・ア・ガイ
4,1953,赤組,1,織井 茂子,君の名は
4,1953,赤組,1,神楽坂 はん子,こんな私ぢゃなかったに
4,1953,赤組,3,笠置 シヅ子,東京ブギウギ
4,1953,赤組,3,菊池 章子,星の流れに
4,1953,赤組,1,小唄 勝太郎,島の娘
4,1953,赤組,1,三味線 豊吉,カモン・ナ・マイ・ハウス
4,1953,赤組,2,三条 町子,東京悲歌
4,1953,赤組,3,菅原 都々子,佐渡ヶ島悲歌
4,1953,赤組,2,奈良 光枝,赤い靴のタンゴ
4,1953,赤組,1,服部 富子,アリラン・ルムバ
4,1953,赤組,4,二葉 あき子,別れても
4,1953,赤組,3,松島 詩子,マロニエの並木路
4,1953,赤組,3,渡辺 はま子,あゝモンテンルパの夜は更けて
4,1953,白組,3,伊藤 久男,君いとしき人よ
4,1953,白組,2,宇都美 清,さすらいの旅路
4,1953,白組,1,笈田 敏夫,ばら色の人生
4,1953,白組,3,近江 俊郎,別れの磯千鳥
4,1953,白組,3,岡本 敦郎,白い花の咲く頃
4,1953,白組,1,小畑 実,ロンドンの街角で
4,1953,白組,1,岸井 明,洒落男
4,1953,白組,3,鈴木 正夫,花笠音頭
4,1953,白組,3,竹山 逸郎,流れの船唄
4,1953,白組,3,津村 謙,リルを探してくれないか
4,1953,白組,4,鶴田 六郎,港の恋唄
4,1953,白組,2,ディック・ミネ,長崎エレジー
4,1953,白組,3,灰田 勝彦,東京の屋根の下
4,1953,白組,1,浜口 庫之助,国境の南
4,1953,白組,4,林 伊佐緒,愛染草
4,1953,白組,4,藤山 一郎,丘は花ざかり
4,1953,白組,1,真木 不二夫,知らない町に雨がふる
5,1954,赤組,1,宮城 まり子,毒消しゃいらんかね
5,1954,赤組,3,奈良 光枝,白いランプの灯る道
5,1954,赤組,2,江利 チエミ,ウスクダラ
5,1954,赤組,1,川田 孝子,山の乙女
5,1954,赤組,1,松田 トシ,村の娘
5,1954,赤組,1,雪村 いづみ,オー・マイ・パパ
5,1954,赤組,4,菊池 章子,春の舞妓
5,1954,赤組,2,神楽坂 はん子,見ないで頂戴お月さま
5,1954,赤組,1,ペギー葉山,月光のチャペル
5,1954,赤組,4,松島 詩子,スペインの恋唄
5,1954,赤組,1,長門 美保,松島音頭
5,1954,赤組,2,淡谷 のり子,枯葉
5,1954,赤組,1,美空 ひばり,ひばりのマドロスさん
5,1954,赤組,5,二葉 あき子,パダム・パダム
5,1954,赤組,4,渡辺 はま子,東京の薔薇
5,1954,白組,4,岡本 敦郎,高原列車は行く
5,1954,白組,2,真木 不二夫,山の呼ぶ声母の声
5,1954,白組,2,浜口 庫之助,セントルイス・ブルース・マンボ
5,1954,白組,1,河野 ヨシユキ,キツツキの赤いトランク
5,1954,白組,5,藤山 一郎,ケンタッキーの我が家
5,1954,白組,2,高 英男,ロマンス
5,1954,白組,4,津村 謙,待ちましょう
5,1954,白組,1,春日 八郎,お富さん
5,1954,白組,2,笈田 敏夫,愛の泉
5,1954,白組,4,近江 俊郎,忘れないよ
5,1954,白組,1,藤原 義江,鉾をおさめて
5,1954,白組,4,伊藤 久男,数寄屋橋エレジー
5,1954,白組,2,小畑 実,長崎の街角で
5,1954,白組,3,ディック・ミネ,雨の酒場で
5,1954,白組,3,霧島 昇,石狩エレジー
6,1955,赤組,2,荒井 恵子,希望をのせて馬車は行く
6,1955,赤組,1,宝 とも子,インディアン・ラブコール
6,1955,赤組,2,織井 茂子,黒百合の歌
6,1955,赤組,3,赤坂 小梅,おてもやん
6,1955,赤組,2,川田 孝子,狩勝の美少年
6,1955,赤組,1,大谷 冽子,チリビリビン
6,1955,赤組,2,ペギー葉山,マンボ・イタリアーノ
6,1955,赤組,5,菊池 章子,岸壁の母
6,1955,赤組,2,宮城 まり子,ガード下の靴みがき
6,1955,赤組,4,池 真理子,あなたがくれたオルゴール
6,1955,赤組,2,小唄 勝太郎,お染
6,1955,赤組,2,長門 美保,ハバネラ
6,1955,赤組,3,江利 チエミ,裏町のお転婆娘
6,1955,赤組,4,奈良 光枝,由起子はいつも
6,1955,赤組,5,松島 詩子,夕月の丘
6,1955,赤組,6,二葉 あき子,バラのルムバ
6,1955,白組,5,鶴田 六郎,天下の為さん
6,1955,白組,3,浜口 庫之助,インディアン・ラブコール
6,1955,白組,1,三浦 洸一,落葉しぐれ
6,1955,白組,4,鈴木 正夫,相馬盆唄
6,1955,白組,2,河野 ヨシユキ,街のヨーデル唄い
6,1955,白組,1,柴田 睦陸,ラ・クンパルシータ
6,1955,白組,3,笈田 敏夫,恋とは素晴らしいもの
6,1955,白組,5,林 伊佐緒,高原の宿
6,1955,白組,5,岡本 敦郎,リラの花咲く頃
6,1955,白組,3,真木 不二夫,空が晴れたら
6,1955,白組,2,東海林 太郎,義経の唄
6,1955,白組,2,藤原 義江,女心の歌
6,1955,白組,1,芦野 宏,タブー
6,1955,白組,5,津村 謙,あなたと共に
6,1955,白組,4,ディック・ミネ,ダイナ
6,1955,白組,6,藤山 一郎,ニコライの鐘
7,1956,赤組,3,荒井 恵子,南の花嫁さん
7,1956,赤組,1,照菊,恋のまよい鳥
7,1956,赤組,6,松島 詩子,夜のヴァイオリン
7,1956,赤組,4,赤坂 小梅,三池炭坑節
7,1956,赤組,4,菅原 都々子,連絡船の唄
7,1956,赤組,1,生田 恵子,アイ・アイ・バンジョー
7,1956,赤組,2,宝 とも子,セ・シ・ボン
7,1956,赤組,3,淡谷 のり子,ルムバ・タムバ
7,1956,赤組,4,江利 チエミ,お転婆キキ
7,1956,赤組,7,二葉 あき子,忘れじの君いづこ
7,1956,赤組,5,池 真理子,どうして嫌と云えましょう
7,1956,赤組,3,ペギー葉山,ケ・セラ・セラ
7,1956,赤組,1,西村 つた江,横浜(ハマ)の谷間
7,1956,赤組,1,吉岡 妙子,私の幸福はどこへ
7,1956,赤組,1,中原 美紗緒,フルフル
7,1956,赤組,3,小唄 勝太郎,唐人お吉の唄
7,1956,赤組,1,鈴木 三重子,愛ちゃんはお嫁に
7,1956,赤組,5,奈良 光枝,白いランプの灯る道
7,1956,赤組,2,越路 吹雪,哀れなジャン
7,1956,赤組,1,大津 美子,東京アンナ
7,1956,赤組,1,コロムビア・ローズ,娘艶歌師
7,1956,赤組,5,渡辺 はま子,桑港のチャイナタウン
7,1956,赤組,3,宮城 まり子,屑屋の娘
7,1956,赤組,4,笠置 シヅ子,ヘイ・ヘイ・ブギ
7,1956,白組,6,岡本 敦郎,自転車旅行
7,1956,白組,2,瀬川 伸,明星鴉
7,1956,白組,4,霧島 昇,恋に朽ちなん
7,1956,白組,5,鈴木 正夫,常磐炭坑節
7,1956,白組,3,宇都美 清,青い灯赤い灯
7,1956,白組,6,林 伊佐緒,草原をゆく男
7,1956,白組,3,高 英男,セ・シ・ボン
7,1956,白組,5,ディック・ミネ,私の青空
7,1956,白組,1,三橋 美智也,哀愁列車
7,1956,白組,7,藤山 一郎,あゝ牧場は緑
7,1956,白組,6,津村 謙,青春の街
7,1956,白組,4,笈田 敏夫,ハイ・ソサエティ・カリプソ
7,1956,白組,1,山形 英夫,港の人気者
7,1956,白組,4,真木 不二夫,旅路の雨
7,1956,白組,1,旗 照夫,恋とは素晴らしいもの
7,1956,白組,3,東海林 太郎,赤城の子守唄
7,1956,白組,1,若原 一郎,風の吹きよで
7,1956,白組,5,近江 俊郎,想い出月夜
7,1956,白組,2,芦野 宏,ドミノ
7,1956,白組,1,曾根 史郎,若いお巡りさん
7,1956,白組,1,小坂 一也,ハート・ブレークホテル
7,1956,白組,1,藤島 桓夫,かえりの港
7,1956,白組,5,伊藤 久男,キャラバンの太鼓
7,1956,白組,2,春日 八郎,別れの一本杉
7,1956,白組,4,灰田 勝彦,白銀の山小舎で
8,1957,赤組,1,楠 トシエ,お花どん
8,1957,赤組,2,久慈 あさみ,デッカメン・ソロ
8,1957,赤組,1,松山 恵子,未練の波止場
8,1957,赤組,1,藤沢 嵐子,さらば草原よ
8,1957,赤組,4,暁 テル子,やさしい婦警さん
8,1957,赤組,4,淡谷 のり子,雨の東京
8,1957,赤組,1,朝丘 雪路,星はながれる
8,1957,赤組,5,江利 チエミ,ヤムミー・ヤムミー
8,1957,赤組,6,菊池 章子,私はそよ風
8,1957,赤組,2,大津 美子,東京は恋人
8,1957,赤組,6,池 真理子,黒と白のニンバ
8,1957,赤組,8,二葉 あき子,夜霧降る空の港
8,1957,赤組,2,鈴木 三重子,坊や船頭さん
8,1957,赤組,6,奈良 光枝,白樺の宿
8,1957,赤組,1,浜村 美智子,監獄ロック
8,1957,赤組,7,松島 詩子,星座仰いで
8,1957,赤組,2,中原 美紗緒,ジェルソミーナ
8,1957,赤組,6,渡辺 はま子,夜来香
8,1957,赤組,2,コロムビア・ローズ,どうせ拾った恋だもの
8,1957,赤組,2,雪村 いづみ,ビー・バップ・ア・ルーラ
8,1957,赤組,4,ペギー葉山,シャンテ・シャンテ
8,1957,赤組,1,島倉 千代子,逢いたいなァあの人に
8,1957,赤組,3,越路 吹雪,愛の涙
8,1957,赤組,4,宮城 まり子,納豆うりの唄
8,1957,赤組,2,美空 ひばり,長崎の蝶々さん
8,1957,白組,2,曾根 史郎,看板娘の花子さん
8,1957,白組,1,若山 彰,喜びも悲しみも幾歳月
8,1957,白組,1,三船 浩,男のブルース
8,1957,白組,5,笈田 敏夫,アレキサンダーズ・ラグタイム・バンド
8,1957,白組,1,白根 一男,面影いずこ
8,1957,白組,6,伊藤 久男,宵待草の唄
8,1957,白組,2,若原 一郎,丘にのぼりて
8,1957,白組,3,芦野 宏,メケ・メケ
8,1957,白組,3,小畑 実,高原の駅よさようなら
8,1957,白組,1,フランク永井,東京午前三時
8,1957,白組,2,三浦 洸一,あゝダムの町
8,1957,白組,7,林 伊佐緒,そっとこのまゝ
8,1957,白組,1,青木 光一,二代目船長さん
8,1957,白組,7,津村 謙,流転わらべ唄
8,1957,白組,2,小坂 一也,青春サイクリング
8,1957,白組,6,近江 俊郎,坊ちゃん青空を行く
8,1957,白組,4,高 英男,ブン
8,1957,白組,8,藤山 一郎,ブンガワン・ソロ
8,1957,白組,2,藤島 桓夫,お月さん今晩わ
8,1957,白組,1,ジェームス繁田,魅惑のワルツ
8,1957,白組,2,旗 照夫,80日間世界一周
8,1957,白組,3,春日 八郎,母の便り
8,1957,白組,5,灰田 勝彦,野球小僧
8,1957,白組,1,高田 浩吉,うかれ駕籠
8,1957,白組,2,三橋 美智也,りんご花咲く故郷へ
9,1958,赤組,4,荒井 恵子,橇は飛ぶよ
9,1958,赤組,2,松山 恵子,だから言ったじゃないの
9,1958,赤組,8,松島 詩子,喫茶室の片隅で
9,1958,赤組,3,雪村 いづみ,ヤキティ・ヤック
9,1958,赤組,1,築地 容子,青い月夜のランデブー
9,1958,赤組,1,藤本 二三代,夢みる乙女
9,1958,赤組,3,織井 茂子,夜が笑っている
9,1958,赤組,6,江利 チエミ,さのさ節
9,1958,赤組,1,神楽坂 浮子,三味線フラ
9,1958,赤組,4,越路 吹雪,マ・プティット・フォーリー
9,1958,赤組,3,大津 美子,銀座の蝶
9,1958,赤組,9,二葉 あき子,夜のプラットホーム
9,1958,赤組,2,藤沢 嵐子,ママ恋人が欲しいの
9,1958,赤組,7,渡辺 はま子,長崎のお蝶さん
9,1958,赤組,3,中原 美紗緒,河は呼んでる
9,1958,赤組,7,奈良 光枝,晴着のかげに
9,1958,赤組,1,石井 好子,ゴンドリエ
9,1958,赤組,3,コロムビア・ローズ,プリンセス・ワルツ
9,1958,赤組,5,ペギー葉山,年頃ですもの
9,1958,赤組,2,楠 トシエ,銀座かっぽれ
9,1958,赤組,5,淡谷 のり子,ばら色の人生
9,1958,赤組,1,水谷 良重,アレキサンダーズ・ラグタイム・バンド
9,1958,赤組,1,東郷 たまみ,アレキサンダーズ・ラグタイム・バンド
9,1958,赤組,1,沢 たまき,アレキサンダーズ・ラグタイム・バンド
9,1958,赤組,2,島倉 千代子,からたち日記
9,1958,赤組,5,宮城 まり子,ジャワの焼鳥売り
9,1958,赤組,3,美空 ひばり,白いランチで十四ノット
9,1958,白組,7,岡本 敦郎,若人スキーヤー
9,1958,白組,3,曾根 史郎,初めての出航
9,1958,白組,5,霧島 昇,白虎隊
9,1958,白組,3,小坂 一也,心にしみるブルース
9,1958,白組,2,三船 浩,夜霧の滑走路
9,1958,白組,1,神戸 一郎,銀座九丁目水の上
9,1958,白組,8,津村 謙,霧雨のけむる道
9,1958,白組,1,フランキー堺,男はよわい
9,1958,白組,1,三波 春夫,雪の渡り鳥
9,1958,白組,2,フランク永井,西銀座駅前
9,1958,白組,2,若山 彰,氷海越えて
9,1958,白組,8,林 伊佐緒,そっとこのまゝ
9,1958,白組,2,ジェームス繁田,ヴォラーレ
9,1958,白組,7,伊藤 久男,イヨマンテの夜
9,1958,白組,3,旗 照夫,碧い空
9,1958,白組,3,三浦 洸一,街燈
9,1958,白組,4,芦野 宏,風船売り
9,1958,白組,3,藤島 桓夫,凧タコあがれ
9,1958,白組,6,笈田 敏夫,オール・ザ・ウェイ
9,1958,白組,3,若原 一郎,おーい中村君
9,1958,白組,6,ディック・ミネ,私の青空
9,1958,白組,1,ダーク・ダックス,ともしび
9,1958,白組,4,春日 八郎,別れの燈台
9,1958,白組,2,高田 浩吉,勇み肌千両男
9,1958,白組,3,三橋 美智也,おさらば東京
10,1959,赤組,5,荒井 恵子,白菊の歌
10,1959,赤組,4,雪村 いづみ,スワニー
10,1959,赤組,2,藤本 二三代,好きな人
10,1959,赤組,2,朝丘 雪路,シング・シング・シング
10,1959,赤組,4,織井 茂子,モヨロ哀歌
10,1959,赤組,9,松島 詩子,スペインの恋唄
10,1959,赤組,1,ザ・ピーナッツ,情熱の花
10,1959,赤組,3,松山 恵子,思い出なんて消えっちゃえ
10,1959,赤組,1,島崎 雪子,バンビーノ
10,1959,赤組,10,二葉 あき子,夜汽車の女
10,1959,赤組,2,水谷 良重,キサス・キサス・キサス
10,1959,赤組,6,ペギー葉山,南国土佐を後にして
10,1959,赤組,3,島倉 千代子,おもいで日記
10,1959,赤組,7,江利 チエミ,八木節
10,1959,赤組,4,中原 美紗緒,ある恋の物語
10,1959,赤組,4,大津 美子,空へ帰る人
10,1959,赤組,3,藤沢 嵐子,ベサメ・ムーチョ
10,1959,赤組,8,奈良 光枝,山鳩の啼く駅
10,1959,赤組,6,淡谷 のり子,雨のブルース
10,1959,赤組,3,宝 とも子,シュリト・リンド
10,1959,赤組,1,有明 ユリ,シュリト・リンド
10,1959,赤組,1,藤崎 世津子,シュリト・リンド
10,1959,赤組,4,コロムビア・ローズ,ロマンス・ガイド
10,1959,赤組,2,石井 好子,小さな花
10,1959,赤組,5,越路 吹雪,パリ・カナイユ
10,1959,赤組,3,楠 トシエ,石松金毘羅道中
10,1959,赤組,4,美空 ひばり,御存知弁天小僧
10,1959,白組,4,曾根 史郎,僕の東京地図
10,1959,白組,4,旗 照夫,マック・ザ・ナイフ
10,1959,白組,3,若山 彰,惜春鳥
10,1959,白組,1,武井 義明,国境の南
10,1959,白組,4,若原 一郎,アイヨ何だい三郎君
10,1959,白組,8,伊藤 久男,サロマ湖の歌
10,1959,白組,1,和田弘とマヒナスターズ,夜霧のエアー・ターミナル
10,1959,白組,2,青木 光一,出港前夜
10,1959,白組,1,山田 真二,娘が口笛吹く時は
10,1959,白組,9,林伊佐緒,恋の幌馬車
10,1959,白組,1,水原 弘,黒い花びら
10,1959,白組,3,フランク永井,俺は淋しいんだ
10,1959,白組,4,三橋 美智也,古城
10,1959,白組,2,フランキー堺,もぐら祭り
10,1959,白組,5,芦野 宏,チャオチャオ・バンビーナ
10,1959,白組,2,神戸 一郎,青春遊覧飛行
10,1959,白組,7,笈田 敏夫,プリテンド
10,1959,白組,4,三浦 洸一,踊子
10,1959,白組,6,灰田 勝彦,僕は野球の選手
10,1959,白組,2,ダーク・ダックス,雪山讃歌
10,1959,白組,4,藤島 桓夫,村の駐在所
10,1959,白組,5,高 英男,ギターとタンブリン
10,1959,白組,1,森繁 久彌,カチューシャ
10,1959,白組,2,三波 春夫,沓掛時次郎
10,1959,白組,5,春日 八郎,東京の蟻
11,1960,赤組,6,荒井 恵子,青い月夜の散歩道
11,1960,赤組,4,宝 とも子,カチート
11,1960,赤組,1,花村 菊江,潮来花嫁さん
11,1960,赤組,5,中原 美紗緒,ロマンティカ
11,1960,赤組,3,藤本 二三代,東京の空の下で
11,1960,赤組,3,朝丘 雪路,ドンバン節
11,1960,赤組,5,織井 茂子,母の春雷
11,1960,赤組,1,松尾 和子,誰よりも君を愛す
11,1960,赤組,10,松島 詩子,喫茶店の片隅で
11,1960,赤組,3,水谷 良重,イッツ・ナウ・オァ・ネバー
11,1960,赤組,2,ザ・ピーナッツ,悲しき十六才
11,1960,赤組,6,越路 吹雪,うちへ帰るのがこわい
11,1960,赤組,1,森山 加代子,月影のキューバ
11,1960,赤組,5,美空 ひばり,哀愁波止場
11,1960,赤組,8,江利 チエミ,ソーラン節
11,1960,赤組,4,松山 恵子,アンコ悲しや
11,1960,赤組,4,藤沢 嵐子,ジーラ・ジーラ
11,1960,赤組,5,大津 美子,東京ドライブ
11,1960,赤組,7,淡谷 のり子,忘れられないブルース
11,1960,赤組,2,有明 ユリ,或る恋の物語
11,1960,赤組,1,小割 まさ江,或る恋の物語
11,1960,赤組,2,沢 たまき,或る恋の物語
11,1960,赤組,1,高美 アリサ,或る恋の物語
11,1960,赤組,3,石井 好子,黒いオルフェ
11,1960,赤組,5,コロムビア・ローズ,新調深川節
11,1960,赤組,9,奈良 光枝,ばら色の雲にのせて
11,1960,赤組,6,宮城 まり子,陽気な水兵さん
11,1960,赤組,7,ペギー葉山,マンマ
11,1960,赤組,4,楠 トシエ,駄目デス
11,1960,赤組,4,島倉 千代子,他国の雨
11,1960,白組,4,若山 彰,さいはての岬
11,1960,白組,8,笈田 敏夫,スター・ダスト
11,1960,白組,1,橋 幸夫,潮来笠
11,1960,白組,6,高 英男,ロマンス
11,1960,白組,3,青木 洸一,オーロラ鷗
11,1960,白組,5,旗 照夫,カリーナ
11,1960,白組,3,三船 浩,サワーグラスの哀愁
11,1960,白組,1,平尾 昌章,ミヨちゃん
11,1960,白組,9,伊藤 久男,山のけむり
11,1960,白組,2,水原 弘,恋のカクテル
11,1960,白組,2,和田弘とマヒナスターズ,お百度こいさん
11,1960,白組,4,フランク永井,東京カチート
11,1960,白組,1,ミッキー・カーチス,恋の片道切符
11,1960,白組,6,春日 八郎,山の吊橋
11,1960,白組,2,森繁 久彌,フラメンコ・ソーラン節
11,1960,白組,1,守屋 浩,僕は泣いちっち
11,1960,白組,1,アイ・ジョージ,マラゲーニア
11,1960,白組,3,神戸 一郎,赤い夕陽が沈む頃
11,1960,白組,10,林 伊佐緒,山男の歌
11,1960,白組,3,ダーク・ダックス,すずらん
11,1960,白組,6,芦野 宏,幸福を売る男
11,1960,白組,5,三浦 洸一,流転
11,1960,白組,5,若原 一郎,ながれ雲
11,1960,白組,5,藤島 桓夫,月の法善寺横丁
11,1960,白組,3,フランキー堺,悲しきインディアン
11,1960,白組,3,三波 春夫,忠治流転笠
11,1960,白組,5,三橋 美智也,達者でナ
12,1961,赤組,4,朝丘 雪路,チャチャで飲みましょう
12,1961,赤組,4,藤本 二三代,花のマーブル通り
12,1961,赤組,6,中原 美紗緒,ボーイ・ハント
12,1961,赤組,4,水谷 良重,ペピート
12,1961,赤組,5,雪村 いづみ,マック・ザ・ナイフ
12,1961,赤組,5,松山 恵子,恋の三度笠
12,1961,赤組,4,石井 好子,鐘よ鳴れ
12,1961,赤組,1,西田 佐知子,コーヒー・ルンバ
12,1961,赤組,1,こまどり姉妹,姉妹酒場
12,1961,赤組,2,花村 菊江,木曾の花嫁さん
12,1961,赤組,2,松尾 和子,再会
12,1961,赤組,8,ペギー葉山,ブリア
12,1961,赤組,9,江利 チエミ,スワニー
12,1961,赤組,6,美空 ひばり,ひばりの渡り鳥だよ
12,1961,赤組,7,宮城 まり子,まり太郎の歌
12,1961,赤組,5,藤沢 嵐子,さらば草原よ
12,1961,赤組,1,寿美 花代,ジャズ・バンド
12,1961,赤組,2,神楽坂 浮子,東京の下町娘
12,1961,赤組,3,ザ・ピーナッツ,スク・スク
12,1961,赤組,8,淡谷 のり子,マリア・ラオ
12,1961,赤組,1,坂本 スミ子,アロロコ
12,1961,赤組,5,楠 トシエ,石松金毘羅道中
12,1961,赤組,2,森山 加代子,シンデレラ
12,1961,赤組,7,越路 吹雪,ラストダンスは私に
12,1961,赤組,5,島倉 千代子,襟裳岬
12,1961,白組,4,神戸 一郎,東京ラプソディー
12,1961,白組,6,藤島 桓夫,波止場気質
12,1961,白組,7,芦野 宏,カナダ旅行
12,1961,白組,2,守屋 宏,月のエレジー
12,1961,白組,2,アイ・ジョージ,硝子のジョニー
12,1961,白組,1,村田 英雄,王将
12,1961,白組,11,林 伊佐緒,恋の幌馬車
12,1961,白組,2,平尾 昌章,タック・ロック
12,1961,白組,3,和田弘とマヒナスターズ,惚れたって駄目よ
12,1961,白組,6,三浦洸一,恋しても愛さない
12,1961,白組,3,水原 弘,禁じられた恋のボレロ
12,1961,白組,5,フランク永井,君恋し
12,1961,白組,6,三橋 美智也,石狩川エレジー
12,1961,白組,2,橋 幸夫,南海の美少年
12,1961,白組,7,春日 八郎,長良川旅情
12,1961,白組,7,高 英男,カミニート
12,1961,白組,3,森繁 久彌,五木の子守唄
12,1961,白組,1,井上 ひろし,別れの磯千鳥
12,1961,白組,4,ダーク・ダックス,北上夜曲
12,1961,白組,10,伊藤 久男,メコンの舟唄
12,1961,白組,1,坂本 九,上を向いて歩こう
12,1961,白組,1,ジェリー藤尾,石松野郎の歌
12,1961,白組,1,佐川 ミツオ,背広姿の渡り鳥
12,1961,白組,4,フランキー堺,金色夜叉
12,1961,白組,4,三波 春夫,文左たから船
13,1962,赤組,1,仲宗根 美樹,川は流れる
13,1962,赤組,6,大津 美子,忘れないで
13,1962,赤組,1,弘田 三枝子,ヴァケーション
13,1962,赤組,7,中原 美紗緒,フルフル
13,1962,赤組,4,ザ・ピーナッツ,ふりむかないで
13,1962,赤組,7,美空 ひばり,ひばりの佐渡情話
13,1962,赤組,1,中尾 ミエ,可愛いベイビー
13,1962,赤組,3,松尾 和子,昔の人
13,1962,赤組,8,宮城 まり子,ドレミの歌
13,1962,赤組,1,トリオこいさんず,ジャンジャン横丁
13,1962,赤組,2,坂本 スミ子,エル・クンバンチェロ
13,1962,赤組,1,吉永 小百合,寒い朝
13,1962,赤組,5,朝丘 雪路,島育ち
13,1962,赤組,10,江利 チエミ,虹のかなたに
13,1962,赤組,1,及川 三千代,愛と死のかたみ
13,1962,赤組,3,森山 加代子,五ひきの仔ブタとチャールストン
13,1962,赤組,1,スリー・グレイセス,ストライク・アップ・ザ・バンド
13,1962,赤組,1,五月 みどり,おひまなら来てね
13,1962,赤組,9,ペギー葉山,トゥナイト
13,1962,赤組,8,越路 吹雪,新土佐節
13,1962,赤組,6,楠 トシエ,うかれ駒
13,1962,赤組,2,こまどり姉妹,未練ごころ
13,1962,赤組,6,松山 恵子,おけさ悲しや
13,1962,赤組,2,西田 佐知子,アカシアの雨がやむとき
13,1962,赤組,6,島倉 千代子,さよならとさよなら
13,1962,白組,1,松島 アキラ,あゝ青春に花よ咲け
13,1962,白組,7,三浦 洸一,別れては昨日の人ぞ
13,1962,白組,1,飯田 久彦,ルイジアナ・ママ
13,1962,白組,8,芦野 宏,カミニート
13,1962,白組,5,ダーク・ダックス,山男の歌
13,1962,白組,8,春日 八郎,風林火山の歌
13,1962,白組,1,北原 謙二,若い二人
13,1962,白組,2,ジェリー藤尾,遠くへ行きたい
13,1962,白組,3,守屋 浩,大学かぞえうた
13,1962,白組,1,ダニー飯田とパラダイス・キング,グッドバイ・ジョー
13,1962,白組,6,旗 照夫,私の青空
13,1962,白組,2,坂本 九,一人ぼっちの二人
13,1962,白組,5,三波 春夫,巨匠
13,1962,白組,3,橋 幸夫,いつでも夢を
13,1962,白組,2,佐川 ミツオ,太陽に向かって
13,1962,白組,3,平尾 昌章,ツイストNo.1
13,1962,白組,1,デューク・エイセス,ドライ・ボーンズ
13,1962,白組,7,藤島 桓夫,マドロス慕情
13,1962,白組,3,アイ・ジョージ,ク・ク・ル・ク・ク・パロマ
13,1962,白組,4,森繁 久彌,知床旅情
13,1962,白組,1,植木 等,ハイ・それまでヨ
13,1962,白組,4,和田弘とマヒナスターズ,泣かせるね
13,1962,白組,2,村田 英雄,王将
13,1962,白組,6,フランク永井,霧子のタンゴ
13,1962,白組,7,三橋 美智也,星屑の街
14,1963,赤組,2,弘田 三枝子,悲しきハート
14,1963,赤組,2,仲宗根 美樹,奄美恋しや
14,1963,赤組,7,松山 恵子,別れの入場券
14,1963,赤組,6,雪村 いづみ,思い出のサンフランシスコ
14,1963,赤組,3,こまどり姉妹,浮草三味線
14,1963,赤組,3,坂本 スミ子,テ・キエロ・ディヒステ
14,1963,赤組,1,高石 かつ枝,りんごの花咲く町
14,1963,赤組,7,楠 トシエ,銀座かっぽれ
14,1963,赤組,11,江利 チエミ,踊り明かそう
14,1963,赤組,2,トリオこいさんず,いやーかなわんわ
14,1963,赤組,2,吉永 小百合,伊豆の踊り子
14,1963,赤組,6,朝丘 雪路,永良部百合の花
14,1963,赤組,7,島倉 千代子,武蔵野エレジー
14,1963,赤組,1,畠山 みどり,出世街道
14,1963,赤組,3,西田 佐知子,エリカの花散るとき
14,1963,赤組,9,越路 吹雪,ラストダンスは私に
14,1963,赤組,2,スリー・グレイセス,アイ・フィール・プリティ
14,1963,赤組,1,倍賞 千恵子,下町の太陽
14,1963,赤組,1,三沢 あけみ,島のブルース
14,1963,赤組,1,梓 みちよ,こんにちは赤ちゃん
14,1963,赤組,10,ペギー葉山,女に生れて幸せ
14,1963,赤組,5,ザ・ピーナッツ,恋のバカンス
14,1963,赤組,2,五月 みどり,一週間に十日来い
14,1963,赤組,2,中尾 ミエ,初
14,1963,赤組,8,美空 ひばり,哀愁出船
14,1963,白組,1,田辺 靖雄,雲に聞いておくれよ
14,1963,白組,4,守屋 浩,がまの油売り
14,1963,白組,1,北島 三郎,ギター仁義
14,1963,白組,4,アイ・ジョージ,ダニー・ボーイ
14,1963,白組,5,和田弘とマヒナスターズ,男ならやってみな
14,1963,白組,3,ジェリー藤尾,誰かと誰かが
14,1963,白組,8,三浦 洸一,こころの灯
14,1963,白組,5,森繁 久彌,フラメンコかっぽれ
14,1963,白組,1,立川 澄人,運がよけりゃ
14,1963,白組,1,ボニー・ジャックス,一週間
14,1963,白組,2,北原 謙二,若い明日
14,1963,白組,1,田端 義夫,島育ち
14,1963,白組,8,三橋 美智也,流れ星だよ
14,1963,白組,3,村田 英雄,柔道一代
14,1963,白組,4,橋 幸夫,お嬢吉三
14,1963,白組,7,フランク永井,逢いたくて
14,1963,白組,6,ダーク・ダックス,カリンカ
14,1963,白組,9,芦野 宏,パパと踊ろう
14,1963,白組,1,舟木 一夫,高校三年生
14,1963,白組,3,坂本 九,見上げてごらん夜の星を
14,1963,白組,7,旗 照夫,史上最大の作戦マーチ
14,1963,白組,2,デューク・エイセス,ミスター・ベースマン
14,1963,白組,9,春日 八郎,長崎の女
14,1963,白組,2,植木 等,どうしてこんなにもてるんだろう・ホンダラ行進曲
14,1963,白組,6,三波 春夫,佐渡の恋唄
15,1964,赤組,7,朝丘 雪路,夜の八丈島
15,1964,赤組,3,仲宗根 美樹,午前0時のブルース
15,1964,赤組,2,伊東 ゆかり,2
15,1964,赤組,8,渡辺 はま子,桑港のチャイナタウン
15,1964,赤組,4,坂本 スミ子,マラゲーニァ
15,1964,赤組,1,九重 佑三子,ウエディング・ドレス
15,1964,赤組,2,畠山 みどり,浮世街道
15,1964,赤組,1,岸 洋子,夜明けのうた
15,1964,赤組,2,梓 みちよ,リンデンバウムの歌
15,1964,赤組,1,コロムビア・ローズ(二代目),智恵子抄
15,1964,赤組,4,西田 佐知子,東京ブルース
15,1964,赤組,4,こまどり姉妹,女の恋
15,1964,赤組,8,島倉 千代子,ふたりだけの太陽
15,1964,赤組,12,江利 チエミ,木曾節
15,1964,赤組,11,ペギー葉山,ラ・ノビア
15,1964,赤組,3,弘田 三枝子,アレキサンダーズ・ラグタイム・バンド
15,1964,赤組,1,青山 和子,愛と死をみつめて
15,1964,赤組,2,倍賞 千恵子,瞳とじれば
15,1964,赤組,9,淡谷 のり子,別れのブルース
15,1964,赤組,3,五月 みどり,温泉芸者
15,1964,赤組,10,越路 吹雪,サン・トワ・マミー
15,1964,赤組,7,雪村 いづみ,ショウほどすてきな商売はない
15,1964,赤組,3,吉永 小百合,瀬戸のうず潮
15,1964,赤組,6,ザ・ピーナッツ,ウナ・セラ・ディ東京
15,1964,赤組,9,美空 ひばり,柔
15,1964,白組,2,北島 三郎,そうらん仁義
15,1964,白組,2,田辺 靖雄,二人の星を探そうよ
15,1964,白組,10,芦野 宏,ほゝにかゝる涙
15,1964,白組,9,藤山 一郎,長崎の鐘
15,1964,白組,3,デューク・エイセス,A列車で行こう
15,1964,白組,1,三田 明,ごめんねチコちゃん
15,1964,白組,10,春日 八郎,ロザリオの島
15,1964,白組,2,立川 澄人,オー・ソレ・ミオ
15,1964,白組,2,ボニー・ジャックス,幸せなら手をたたこう
15,1964,白組,1,克美 しげる,さすらい
15,1964,白組,5,アイ・ジョージ,紅子のバラード
15,1964,白組,1,新川 二郎,東京の灯よいつまでも
15,1964,白組,4,村田 英雄,皆の衆
15,1964,白組,9,三橋 美智也,また来るよ
15,1964,白組,8,フランク永井,大阪ぐらし
15,1964,白組,3,植木 等,だまって俺についてこい
15,1964,白組,1,西郷 輝彦,十七才のこの胸に
15,1964,白組,2,舟木 一夫,右衛門七討入り
15,1964,白組,11,伊藤 久男,イヨマンテの夜
15,1964,白組,6,和田弘とマヒナスターズ,お座敷小唄
15,1964,白組,6,森繁 久彌,戦友
15,1964,白組,7,ダーク・ダックス,アンジェリータ
15,1964,白組,5,橋 幸夫,恋をするなら
15,1964,白組,4,坂本 九,さよなら東京
15,1964,白組,7,三波 春夫,俵星玄蕃
16,1965,赤組,2,三沢 あけみ,アリューシャン小唄
16,1965,赤組,1,都 はるみ,涙の連絡船
16,1965,赤組,5,西田 佐知子,赤坂の夜は更けて
16,1965,赤組,8,雪村 いづみ,スワニー
16,1965,赤組,4,仲宗根 美樹,海と野菊と船頭さん
16,1965,赤組,3,梓 みちよ,忘れたはずなのに
16,1965,赤組,3,園 まり,逢いたくて逢いたくて
16,1965,赤組,2,九重 佑三子,抱きしめて
16,1965,赤組,1,日野 てる子,夏の日の想い出
16,1965,赤組,8,朝丘 雪路,ハロー・ドーリー
16,1965,赤組,3,伊東 ゆかり,恋する瞳
16,1965,赤組,9,島倉 千代子,新妻鏡
16,1965,赤組,2,岸 洋子,恋心
16,1965,赤組,4,弘田 三枝子,恋のクンビア
16,1965,赤組,4,吉永 小百合,天満橋から
16,1965,赤組,13,江利 チエミ,芸者音頭
16,1965,赤組,3,倍賞 千恵子,さよならはダンスのあとに
16,1965,赤組,12,ペギー葉山,学生時代
16,1965,赤組,11,越路 吹雪,夜霧のしのび逢い
16,1965,赤組,1,水前寺 清子,涙を抱いた渡り鳥
16,1965,赤組,7,ザ・ピーナッツ,ロック・アンド・ロール・ミュージック
16,1965,赤組,5,坂本 スミ子,グラナダ
16,1965,赤組,4,中尾 ミエ,夢みるシャンソン人形
16,1965,赤組,5,こまどり姉妹,恋に拍手を
16,1965,赤組,10,美空 ひばり,柔
16,1965,白組,3,舟木 一夫,高原のお嬢さん
16,1965,白組,1,井沢八郎,北海の満月
16,1965,白組,11,春日 八郎,大阪の灯
16,1965,白組,5,坂本 九,ともだち
16,1965,白組,2,克美 しげる,あゝせつなきわが心
16,1965,白組,8,ダーク・ダックス,エーデルワイス
16,1965,白組,1,山田 太郎,新聞少年
16,1965,白組,4,東海林 太郎,赤城の子守唄
16,1965,白組,1,バーブ佐竹,女心の唄
16,1965,白組,3,立川 澄人,教会へ行こう
16,1965,白組,2,三田 明,若い翼
16,1965,白組,10,三橋 美智也,二本松少年隊
16,1965,白組,6,アイ・ジョージ,赤いグラス
16,1965,白組,1,ジャニーズ,マック・ザ・ナイフ
16,1965,白組,7,森繁 久彌,ゴンドラの唄
16,1965,白組,8,三波 春夫,水戸黄門旅日記
16,1965,白組,7,和田弘とマヒナスターズ,愛して愛して愛しちゃったのよ
16,1965,白組,3,ボニー・ジャックス,手のひらを太陽に
16,1965,白組,4,植木 等,遺憾に存じます
16,1965,白組,5,村田 英雄,柔道水滸伝
16,1965,白組,4,デューク・エイセス,キャラバン
16,1965,白組,9,フランク永井,東京しぐれ
16,1965,白組,2,西郷 輝彦,星娘
16,1965,白組,3,北島 三郎,帰ろかな
16,1965,白組,6,橋 幸夫,あの娘と僕
17,1966,赤組,5,中尾 ミエ,ア・テイスト・オブ・ハニー
17,1966,赤組,1,田代 美代子,ここがいいのよ
17,1966,赤組,3,九重 佑三子,ディディンド・ディンドン
17,1966,赤組,1,笹 みどり,下町育ち
17,1966,赤組,2,日野 てる子,道
17,1966,赤組,4,倍賞 千恵子,おはなはん
17,1966,赤組,3,畠山 みどり,どさんこ一代
17,1966,赤組,3,岸 洋子,想い出のソレンツァーラ
17,1966,赤組,1,青江 三奈,恍惚のブルース
17,1966,赤組,3,三沢 あけみ,サガレン小唄
17,1966,赤組,1,金井 克子,ラバーズ・コンチェルト
17,1966,赤組,10,島倉 千代子,ほんきかしら
17,1966,赤組,14,江利 チエミ,私だけのあなた
17,1966,赤組,4,園 まり,夢は夜ひらく
17,1966,赤組,5,吉永 小百合,勇気あるもの
17,1966,赤組,8,ザ・ピーナッツ,ローマの雨
17,1966,赤組,12,越路 吹雪,夢の中に君がいる
17,1966,赤組,2,都 はるみ,さよなら列車
17,1966,赤組,4,伊東 ゆかり,愛はかぎりなく
17,1966,赤組,2,水前寺 清子,いっぽんどっこの唄
17,1966,赤組,9,朝丘 雪路,ふりむいてもくれない
17,1966,赤組,4,梓 みちよ,ポカンポカン
17,1966,赤組,6,こまどり姉妹,幸せになりたい
17,1966,赤組,6,西田 佐知子,信じていたい
17,1966,赤組,11,美空 ひばり,悲しい酒
17,1966,白組,3,西郷 輝彦,星のフラメンコ
17,1966,白組,1,島 和彦,雨の夜あなたは帰る
17,1966,白組,1,アントニオ古賀,その名はフジヤマ
17,1966,白組,2,山田 太郎,幸福はこだまする
17,1966,白組,9,ダーク・ダックス,銀色の道
17,1966,白組,6,坂本 九,レッツ・キッス
17,1966,白組,4,北島 三郎,函館の女
17,1966,白組,4,立川 澄人,イエスタディ
17,1966,白組,1,城 卓矢,骨まで愛して
17,1966,白組,2,井沢 八郎,さいはての男
17,1966,白組,1,ハナ肇とクレージー・キャッツ,チョッと一言多すぎる
17,1966,白組,12,春日 八郎,波止場で待ちな
17,1966,白組,7,橋 幸夫,霧氷
17,1966,白組,4,舟木 一夫,絶唱
17,1966,白組,1,加山 雄三,君といつまでも
17,1966,白組,1,ジャッキー吉川とブルー・コメッツ,青い瞳
17,1966,白組,7,アイ・ジョージ,夜のストレンジャー
17,1966,白組,3,三田 明,恋人ジュリー
17,1966,白組,5,デューク・エイセス,君の故郷は
17,1966,白組,6,村田 英雄,祝い節
17,1966,白組,2,バーブ佐竹,ネオン川
17,1966,白組,1,マイク真木,バラが咲いた
17,1966,白組,8,和田弘とマヒナスターズ,銀座ブルース
17,1966,白組,10,フランク永井,大阪ろまん
17,1966,白組,9,三波 春夫,紀伊国屋文左衛門
18,1967,赤組,3,水前寺 清子,どうどうどっこの唄
18,1967,赤組,5,園 まり,愛は惜しみなく
18,1967,赤組,1,山本 リンダ,こまっちゃうナ
18,1967,赤組,3,日野 てる子,南十字の星に泣く
18,1967,赤組,4,三沢 あけみ,お手を拝借
18,1967,赤組,5,梓 みちよ,渚のセニョリーナ
18,1967,赤組,5,仲宗根 美樹,恋しくて
18,1967,赤組,13,越路 吹雪,チャンスがほしいの
18,1967,赤組,2,金井 克子,ラ・バンバ
18,1967,赤組,5,伊東 ゆかり,小指の想い出
18,1967,赤組,4,岸 洋子,わかっているの
18,1967,赤組,11,島倉 千代子,ほれているのに
18,1967,赤組,15,江利 チエミ,ひとり泣く夜のワルツ
18,1967,赤組,6,中尾 ミエ,ただそれだけ
18,1967,赤組,7,西田 佐知子,涙のかわくまで
18,1967,赤組,1,扇 ひろ子,新宿ブルース
18,1967,赤組,5,弘田 三枝子,渚のうわさ
18,1967,赤組,1,黛 ジュン,霧のかなたに
18,1967,赤組,7,こまどり姉妹,三味線渡り鳥
18,1967,赤組,1,佐良 直美,世界は二人のために
18,1967,赤組,3,都 はるみ,初恋の川
18,1967,赤組,9,ザ・ピーナッツ,恋のフーガ
18,1967,赤組,12,美空 ひばり,芸道一代
18,1967,白組,5,舟木 一夫,夕笛
18,1967,白組,4,水原 弘,君こそわが命
18,1967,白組,3,山田 太郎,あの娘が恋をつれてきた
18,1967,白組,1,布施 明,恋
18,1967,白組,2,ハナ肇とクレージー・キャッツ,花は花でも何の花
18,1967,白組,4,三田 明,夕子の涙
18,1967,白組,1,美樹 克彦,花はおそかった
18,1967,白組,7,村田 英雄,浪花の勝負師
18,1967,白組,2,ジャッキー吉川とブルー・コメッツ,ブルー・シャトー
18,1967,白組,1,菅原 洋一,知りたくないの
18,1967,白組,11,フランク永井,生命ある限り
18,1967,白組,8,橋 幸夫,若者の子守唄
18,1967,白組,4,西郷 輝彦,願い星叶い星
18,1967,白組,7,坂本 九,エンピツが一本
18,1967,白組,10,ダーク・ダックス,すばらしい明日
18,1967,白組,13,春日 八郎,花かげの恋
18,1967,白組,3,バーブ佐竹,星が言ったよ
18,1967,白組,1,荒木 一郎,いとしのマックス
18,1967,白組,9,和田弘とマヒナスターズ,男の夜曲
18,1967,白組,2,加山 雄三,別れたあの人
18,1967,白組,5,北島 三郎,博多の女
18,1967,白組,8,アイ・ジョージ,カチューシャ
18,1967,白組,10,三波 春夫,赤垣源蔵
19,1968,赤組,4,都 はるみ,好きになった人
19,1968,赤組,2,佐良 直美,すきなファニー
19,1968,赤組,13,ペギー葉山,愛の花咲くとき
19,1968,赤組,1,小川 知子,ゆうべの秘密
19,1968,赤組,1,ピンキーとキラーズ,恋の季節
19,1968,赤組,10,ザ・ピーナッツ,ガラスの城
19,1968,赤組,5,三沢 あけみ,木曾節
19,1968,赤組,6,伊東 ゆかり,恋のしずく
19,1968,赤組,8,西田 佐知子,あの人に逢ったら
19,1968,赤組,4,九重 佑三子,ラスト・ワルツ
19,1968,赤組,7,中尾 ミエ,恋のシャロック
19,1968,赤組,12,島倉 千代子,愛のさざなみ
19,1968,赤組,16,江利 チエミ,八木節
19,1968,赤組,2,青江 光奈,伊勢佐木町ブルース
19,1968,赤組,1,中村 晃子,虹色の湖
19,1968,赤組,6,園 まり,ひとりにしないで
19,1968,赤組,5,岸 洋子,今宵あなたが聞く歌は
19,1968,赤組,6,梓 みちよ,月夜と舟と恋
19,1968,赤組,2,扇 ひろ子,みれん海峡
19,1968,赤組,14,越路 吹雪,イカルスの星
19,1968,赤組,4,水前寺 清子,男でよいしょ
19,1968,赤組,2,黛 ジュン,天使の誘惑
19,1968,赤組,13,美空 ひばり,熱禱(いのり)
19,1968,白組,5,三田 明,バラの涙
19,1968,白組,2,布施 明,愛の園
19,1968,白組,1,千 昌夫,星影のワルツ
19,1968,白組,1,黒沢明とロス・プリモス,たそがれの銀座
19,1968,白組,3,ジャッキー吉川とブルー・コメッツ,草原の輝き
19,1968,白組,5,西郷 輝彦,友達の恋人
19,1968,白組,12,フランク永井,加茂川ブルース
19,1968,白組,1,鶴岡雅義と東京ロマンチカ,小樽のひとよ
19,1968,白組,5,水原 弘,愛の渚
19,1968,白組,2,菅原 洋一,奥様お手をどうぞ
19,1968,白組,11,ダーク・ダックス,ラ・ゴロンドリーナ
19,1968,白組,11,三波 春夫,世界平和音頭
19,1968,白組,6,北島 三郎,薩摩の女
19,1968,白組,9,アイ・ジョージ,別れのバラード
19,1968,白組,1,美川 憲一,釧路の夜
19,1968,白組,6,舟木 一夫,喧嘩鳶
19,1968,白組,14,春日 八郎,たそがれの砂丘
19,1968,白組,6,デューク・エイセス,いい湯だな
19,1968,白組,8,村田 英雄,竜馬がゆく
19,1968,白組,4,バーブ佐竹,雨おんな
19,1968,白組,8,坂本 九,世界の国からこんにちは
19,1968,白組,1,森 進一,花と蝶
19,1968,白組,9,橋 幸夫,赤い夕陽の三度笠
20,1969,赤組,3,青江 三奈,池袋の夜
20,1969,赤組,1,いしだ あゆみ,ブルー・ライト・ヨコハマ
20,1969,赤組,2,小川 知子,初恋のひと
20,1969,赤組,1,カルメン・マキ,時には母のない子のように
20,1969,赤組,15,越路 吹雪,愛の讃歌
20,1969,赤組,1,奥村 チヨ,恋泥棒
20,1969,赤組,5,水前寺 清子,真実一路のマーチ
20,1969,赤組,1,由紀 さおり,夜明けのスキャット
20,1969,赤組,7,伊東 ゆかり,宿命の祈り
20,1969,赤組,6,岸 洋子,夜明けのうた
20,1969,赤組,1,森山 良子,禁じられた恋
20,1969,赤組,13,島倉 千代子,すみだ川
20,1969,赤組,6,弘田 三枝子,人形の家
20,1969,赤組,3,黛 ジュン,雲にのりたい
20,1969,赤組,9,西田 佐知子,アカシアの雨がやむとき
20,1969,赤組,7,梓 みちよ,こんにちは赤ちゃん
20,1969,赤組,1,高田 恭子,みんな夢の中
20,1969,赤組,8,中尾 ミエ,忘れられた坊や
20,1969,赤組,2,ピンキーとキラーズ,星空のロマンス
20,1969,赤組,11,ザ・ピーナッツ,ウナ・セラ・ディ東京
20,1969,赤組,3,佐良 直美,いいじゃないの幸せならば
20,1969,赤組,5,都 はるみ,はるみの三度笠
20,1969,赤組,14,美空 ひばり,別れてもありがとう
20,1969,白組,3,布施 明,バラ色の月
20,1969,白組,2,千 昌夫,君がすべてさ
20,1969,白組,6,西郷 輝彦,海はふりむかない
20,1969,白組,10,アイ・ジョージ,ク・ク・ル・ク・ク・パロマ
20,1969,白組,15,春日 八郎,別れの一本杉
20,1969,白組,1,ザ・キング・トーンズ,グッド・ナイト・ベイビー
20,1969,白組,6,三田 明,サロマ湖の空
20,1969,白組,7,デューク・エイセス,筑波山麓合唱団
20,1969,白組,3,菅原 洋一,潮風の中で
20,1969,白組,9,坂本 九,見上げてごらん夜の星を
20,1969,白組,2,鶴岡雅義と東京ロマンチカ,君は心の妻だから
20,1969,白組,12,三波 春夫,大利根無情
20,1969,白組,10,橋 幸夫,京都・神戸・銀座
20,1969,白組,3,佐川 満男,今は幸せかい
20,1969,白組,9,村田 英雄,王将
20,1969,白組,6,水原 弘,君こそわが命
20,1969,白組,2,美川 憲一,女とバラ
20,1969,白組,12,ダーク・ダックス,あんな娘がいいな
20,1969,白組,1,内山田洋とクール・ファイブ,長崎は今日も雨だった
20,1969,白組,13,フランク永井,君恋し
20,1969,白組,7,舟木 一夫,夕映えのふたり
20,1969,白組,7,北島 三郎,加賀の女
20,1969,白組,2,森 進一,港町ブルース
21,1970,赤組,6,水前寺 清子,大勝負
21,1970,赤組,1,和田 アキ子,笑って許して
21,1970,赤組,12,ザ・ピーナッツ,東京の女
21,1970,赤組,1,日吉 ミミ,男と女のお話
21,1970,赤組,4,森山 加代子,白い蝶のサンバ
21,1970,赤組,4,黛 ジュン,土曜の夜何かが起きる
21,1970,赤組,4,佐良 直美,どこへ行こうかこれから二人
21,1970,赤組,7,弘田 三枝子,ロダンの肖像
21,1970,赤組,3,ピンキーとキラーズ,土曜日はいちばん
21,1970,赤組,3,小川 知子,思いがけない別れ
21,1970,赤組,1,トワ・エ・モワ,空よ
21,1970,赤組,14,島倉 千代子,美しきは女の旅路
21,1970,赤組,1,藤 圭子,圭子の夢は夜ひらく
21,1970,赤組,2,森山 良子,明日に架ける橋
21,1970,赤組,1,辺見 マリ,私生活
21,1970,赤組,10,西田 佐知子,女の意地
21,1970,赤組,1,ちあき なおみ,四つのお願い
21,1970,赤組,6,都 はるみ,男が惚れなきゃ女じゃないよ
21,1970,赤組,2,いしだ あゆみ,あなたならどうする
21,1970,赤組,2,奥村 チヨ,嘘でもいいから
21,1970,赤組,2,由紀 さおり,手紙
21,1970,赤組,8,伊東 ゆかり,さすらい
21,1970,赤組,4,青江 三奈,国際線待合室
21,1970,赤組,15,美空 ひばり,人生将棋
21,1970,白組,10,村田 英雄,闘魂
21,1970,白組,7,水原 弘,へんな女
21,1970,白組,1,野村 真樹,一度だけなら
21,1970,白組,10,坂本 九,マイ・マイ・マイ
21,1970,白組,4,佐川 満男,いつでもどうぞ
21,1970,白組,11,橋 幸夫,いつでも夢を
21,1970,白組,3,鶴岡雅義と東京ロマンチカ,別れの誓い
21,1970,白組,3,美川 憲一,みれん町
21,1970,白組,13,ダーク・ダックス,ドンパン節
21,1970,白組,3,千 昌夫,心の旅路
21,1970,白組,1,ヒデとロザンナ,愛は傷つきやすく
21,1970,白組,13,三波 春夫,織田信長
21,1970,白組,7,西郷 輝彦,真夏のあらし
21,1970,白組,2,内山田洋とクール・ファイブ,噂の女
21,1970,白組,14,フランク永井,大阪流し
21,1970,白組,1,にしきの あきら,もう恋なのか
21,1970,白組,8,デューク・エイセス,ドライ・ボーンズ
21,1970,白組,4,布施 明,愛は不死鳥
21,1970,白組,8,舟木 一夫,紫のひと
21,1970,白組,1,フォーリーブス,あしたが生まれる
21,1970,白組,11,アイ・ジョージ,リパブリック讃歌
21,1970,白組,4,菅原 洋一,今日でお別れ
21,1970,白組,8,北島 三郎,誠
21,1970,白組,3,森 進一,銀座の女
22,1971,赤組,1,南 沙織,17才
22,1971,赤組,4,ピンキーとキラーズ,何かいいことありそうな
22,1971,赤組,2,和田 アキ子,天使になれない
22,1971,赤組,2,ちあき なおみ,私という女
22,1971,赤組,7,岸 洋子,希望
22,1971,赤組,1,加藤 登紀子,知床旅情
22,1971,赤組,5,青江 三奈,長崎未練
22,1971,赤組,1,小柳 ルミ子,わたしの城下町
22,1971,赤組,2,藤 圭子,みちのく小唄
22,1971,赤組,15,島倉 千代子,竜飛岬
22,1971,赤組,2,トワ・エ・モワ,虹と雪のバラード
22,1971,赤組,3,由紀 さおり,初恋の丘
22,1971,赤組,10,朝丘 雪路,雨がやんだら
22,1971,赤組,9,雪村 いづみ,涙
22,1971,赤組,9,伊東 ゆかり,誰も知らない
22,1971,赤組,3,いしだ あゆみ,砂漠のような東京で
22,1971,赤組,1,本田 路津子,一人の手
22,1971,赤組,13,ザ・ピーナッツ,サンフランシスコの女
22,1971,赤組,1,渚 ゆう子,京都慕情
22,1971,赤組,7,都 はるみ,港町
22,1971,赤組,1,真帆 志ぶき,嘆きのインディアン
22,1971,赤組,8,弘田 三枝子,バラの革命
22,1971,赤組,5,佐良 直美,片道列車
22,1971,赤組,7,水前寺 清子,ああ男なら男なら
22,1971,赤組,16,美空 ひばり,この道を行く
22,1971,白組,1,尾崎 紀世彦,また逢う日まで
22,1971,白組,2,にしきの あきら,空に太陽がある限り
22,1971,白組,4,美川 憲一,想い出おんな
22,1971,白組,11,坂本 九,この世のある限り
22,1971,白組,8,西郷 輝彦,掠奪
22,1971,白組,9,デューク・エイセス,いい湯だなメドレー
22,1971,白組,1,五木 ひろし,よこはま・たそがれ
22,1971,白組,1,はしだのりひことクライマックス,花嫁
22,1971,白組,9,舟木 一夫,初恋
22,1971,白組,9,北島 三郎,北海太鼓
22,1971,白組,14,ダーク・ダックス,白銀は招くよメドレー
22,1971,白組,5,菅原 洋一,忘れな草をあなたに
22,1971,白組,2,フォーリーブス,地球はひとつ
22,1971,白組,2,ヒデとロザンナ,望むものはすべて
22,1971,白組,12,アイ・ジョージ,自由通りの午後
22,1971,白組,11,村田 英雄,人生劇場
22,1971,白組,15,フランク永井,羽田発7時50分
22,1971,白組,1,堺 正章,さらば恋人
22,1971,白組,4,千 昌夫,わが町は縁なりき
22,1971,白組,14,三波 春夫,桃中軒雲右ェ門
22,1971,白組,12,橋 幸夫,次郎長笠
22,1971,白組,5,布施 明,愛の終わりに
22,1971,白組,4,鶴岡雅義と東京ロマンチカ,追憶
22,1971,白組,8,水原 弘,こんど生まれて来る時は
22,1971,白組,4,森 進一,おふくろさん
23,1972,赤組,1,天地 真理,ひとりじゃないの
23,1972,赤組,3,和田 アキ子,孤独
23,1972,赤組,1,朱里 エイコ,北国行きで
23,1972,赤組,2,渚 ゆう子,風の日のバラード
23,1972,赤組,3,奥村 チヨ,終着駅
23,1972,赤組,4,由紀 さおり,故郷
23,1972,赤組,6,佐良 直美,オー・シャンゼリーゼ
23,1972,赤組,2,山本 リンダ,どうにもとまらない
23,1972,赤組,4,いしだ あゆみ,生まれかわれるものならば
23,1972,赤組,2,南 沙織,純潔
23,1972,赤組,14,ザ・ピーナッツ,さよならは突然に
23,1972,赤組,2,本田 路津子,耳をすましてごらん
23,1972,赤組,3,森山 良子,美しい星
23,1972,赤組,3,藤 圭子,京都から博多まで
23,1972,赤組,1,欧陽 菲菲,恋の追跡(ラブ・チェイス)
23,1972,赤組,2,小柳 ルミ子,瀬戸の花嫁
23,1972,赤組,1,平田隆夫とセルスターズ,ハチのムサシは死んだのさ
23,1972,赤組,16,島倉 千代子,すみだ川
23,1972,赤組,8,都 はるみ,おんなの海峡
23,1972,赤組,3,ちあき なおみ,喝采
23,1972,赤組,6,青江 三奈,日本列島・みなと町
23,1972,赤組,8,水前寺 清子,昭和放浪記
23,1972,赤組,17,美空 ひばり,ある女の詩
23,1972,白組,5,森 進一,放浪船
23,1972,白組,3,フォーリーブス,夏のふれあい
23,1972,白組,2,堺 正章,運がよければいいことあるさ
23,1972,白組,3,にしきの あきら,嵐の夜
23,1972,白組,5,鶴岡雅義と東京ロマンチカ,くちづけ
23,1972,白組,1,石橋 正次,夜明けの停車場
23,1972,白組,12,村田 英雄,ここで一番
23,1972,白組,2,尾崎 紀世彦,ゴッドファーザー〜愛のテーマ〜
23,1972,白組,1,青い三角定規,太陽がくれた季節
23,1972,白組,1,野口 五郎,めぐり逢う青春
23,1972,白組,1,ビリー・バンバン,さよならをするために
23,1972,白組,9,西郷 輝彦,愛したいなら今
23,1972,白組,6,菅原 洋一,知りたくないの
23,1972,白組,5,美川 憲一,銀座・おんな・雨
23,1972,白組,1,上條 恒彦,出発(たびだち)の歌
23,1972,白組,15,三波 春夫,あゝ松の廊下
23,1972,白組,9,水原 弘,お嫁に行くんだね
23,1972,白組,16,フランク永井,君恋し
23,1972,白組,13,橋 幸夫,子連れ狼
23,1972,白組,1,沢田 研二,許されない愛
23,1972,白組,2,五木 ひろし,待っている女
23,1972,白組,6,布施 明,マイ・ウェイ
23,1972,白組,10,北島 三郎,冬の宿
24,1973,赤組,3,小柳 ルミ子,漁火恋唄
24,1973,赤組,5,いしだ あゆみ,ブルー・ライト・ヨコハマ
24,1973,赤組,1,森 昌子,せんせい
24,1973,赤組,3,南 沙織,色づく街
24,1973,赤組,2,朱里 エイコ,ジェット最終便
24,1973,赤組,4,和田 アキ子,笑って許して
24,1973,赤組,3,金井 克子,他人の関係
24,1973,赤組,1,八代 亜紀,なみだ恋
24,1973,赤組,1,チェリッシュ,てんとう虫のサンバ
24,1973,赤組,1,麻丘 めぐみ,わたしの彼は左きき
24,1973,赤組,3,山本 リンダ,狙いうち
24,1973,赤組,15,ザ・ピーナッツ,ウナ・セラ・ディ東京
24,1973,赤組,1,アグネス・チャン,ひなげしの花
24,1973,赤組,2,天地 真理,恋する夏の日
24,1973,赤組,5,由紀 さおり,恋文
24,1973,赤組,2,欧陽 菲菲,恋の十字路
24,1973,赤組,7,佐良 直美,世界は二人のために
24,1973,赤組,7,青江 三奈,長崎ブルース
24,1973,赤組,9,渡辺 はま子,桑港のチャイナタウン
24,1973,赤組,9,水前寺 清子,いっぽんどっこの唄
24,1973,赤組,4,ちあき なおみ,夜間飛行
24,1973,赤組,9,都 はるみ,涙の連絡船
24,1973,赤組,17,島倉 千代子,からたち日記
24,1973,白組,7,布施 明,甘い十字架
24,1973,白組,10,西郷 輝彦,星のフラメンコ
24,1973,白組,2,野口 五郎,君が美しすぎて
24,1973,白組,3,堺 正章,街の灯り
24,1973,白組,6,美川 憲一,さそり座の女
24,1973,白組,14,橋 幸夫,潮来笠
24,1973,白組,4,フォーリーブス,若いふたりに何かが起る
24,1973,白組,7,菅原 洋一,今日でお別れ
24,1973,白組,1,ガロ,学生街の喫茶店
24,1973,白組,1,三善 英史,円山・花町・母の町
24,1973,白組,1,ぴんから兄弟,女のみち
24,1973,白組,2,上條 恒彦,シャンテ
24,1973,白組,1,郷 ひろみ,男の子女の子
24,1973,白組,4,にしきの あきら,はじめは片想い
24,1973,白組,6,鶴岡雅義と東京ロマンチカ,君は心の妻だから
24,1973,白組,2,沢田 研二,危険なふたり
24,1973,白組,17,フランク永井,有楽町で逢いましょう
24,1973,白組,6,森 進一,冬の旅
24,1973,白組,10,藤山 一郎,長崎の鐘
24,1973,白組,16,三波 春夫,大利根無情
24,1973,白組,3,五木 ひろし,ふるさと
24,1973,白組,10,水原 弘,君こそわが命
24,1973,白組,11,北島 三郎,帰ろかな
25,1974,赤組,1,山口 百恵,ひと夏の経験
25,1974,赤組,2,アグネス・チャン,ポケットいっぱいの秘密
25,1974,赤組,2,チェリッシュ,恋の風車
25,1974,赤組,4,小柳 ルミ子,冬の駅
25,1974,赤組,1,桜田 淳子,黄色いリボン
25,1974,赤組,8,佐良 直美,花のフェスティバル
25,1974,赤組,8,梓 みちよ,二人でお酒を
25,1974,赤組,4,南 沙織,夏の感情
25,1974,赤組,2,森 昌子,おかあさん
25,1974,赤組,5,和田 アキ子,美しき誤解
25,1974,赤組,4,山本 リンダ,闇夜にドッキリ
25,1974,赤組,4,森山 良子,ある日の午後
25,1974,赤組,10,都 はるみ,にごりえの町
25,1974,赤組,10,水前寺 清子,てっぺんまごころ
25,1974,赤組,1,あべ 静江,みずいろの手紙
25,1974,赤組,1,ペドロ&カプリシャス,ジョニィへの伝言
25,1974,赤組,1,小坂 明子,あなた
25,1974,赤組,3,天地 真理,想い出のセレナーデ
25,1974,赤組,2,八代 亜紀,愛ひとすじ
25,1974,赤組,16,ザ・ピーナッツ,ブギ・ウギ・ビューグル・ボーイ
25,1974,赤組,6,いしだ あゆみ,美しいわかれ
25,1974,赤組,8,青江 三奈,銀座ブルーナイト
25,1974,赤組,6,由紀 さおり,挽歌
25,1974,赤組,5,ちあき なおみ,かなしみ模様
25,1974,赤組,18,島倉 千代子,襟裳岬
25,1974,白組,1,西城 秀樹,傷だらけのローラ
25,1974,白組,1,中条 きよし,うそ
25,1974,白組,2,三善 英史,愛の千羽鶴
25,1974,白組,5,フォーリーブス,急げ!若者
25,1974,白組,4,堺 正章,枯葉の宿
25,1974,白組,2,郷 ひろみ,花とみつばち
25,1974,白組,1,殿さまキングス,なみだの操
25,1974,白組,3,野口 五郎,甘い生活
25,1974,白組,8,菅原 洋一,ケ・セラ
25,1974,白組,1,海援隊,母に捧げるバラード
25,1974,白組,7,美川 憲一,はしゃぎすぎたのね
25,1974,白組,15,橋 幸夫,沓掛時次郎
25,1974,白組,1,渡 哲也,くちなしの花
25,1974,白組,12,北島 三郎,寒流
25,1974,白組,5,にしきの あきら,花の唄
25,1974,白組,13,村田 英雄,皆の衆
25,1974,白組,11,三橋 美智也,哀愁列車
25,1974,白組,3,内山田洋とクール・ファイブ,海鳴り
25,1974,白組,4,五木 ひろし,浜昼顔
25,1974,白組,8,布施 明,積木の部屋
25,1974,白組,16,春日 八郎,雨降る街角
25,1974,白組,18,フランク永井,おまえに
25,1974,白組,3,沢田 研二,追憶
25,1974,白組,17,三波 春夫,勝海舟
25,1974,白組,7,森 進一,襟裳岬
26,1975,赤組,1,岩崎 宏美,ロマンス
26,1975,赤組,5,南 沙織,人恋しくて
26,1975,赤組,4,藤 圭子,さすらい
26,1975,赤組,1,キャンディーズ,年下の男の子
26,1975,赤組,3,チェリッシュ,ペパーミント・キャンディー
26,1975,赤組,6,和田 アキ子,もっと自由に
26,1975,赤組,2,桜田 淳子,はじめての出来事
26,1975,赤組,9,佐良 直美,オブ・ラ・ディ・オブ・ラ・ダ
26,1975,赤組,3,森 昌子,あなたを待って三年三月
26,1975,赤組,11,水前寺 清子,大勝負
26,1975,赤組,3,アグネス・チャン,愛の迷い子
26,1975,赤組,9,青江 三奈,神戸北ホテル
26,1975,赤組,10,伊東 ゆかり,わたし女ですもの
26,1975,赤組,2,山口 百恵,夏ひらく青春
26,1975,赤組,1,西川 峰子,あなたにあげる
26,1975,赤組,7,由紀 さおり,慕情
26,1975,赤組,5,森山 良子,歌ってよ夕陽の歌を
26,1975,赤組,5,小柳 ルミ子,花車
26,1975,赤組,9,梓 みちよ,リリー・マルレーン
26,1975,赤組,3,八代 亜紀,ともしび
26,1975,赤組,7,いしだ あゆみ,渚にて
26,1975,赤組,11,都 はるみ,北の宿から
26,1975,赤組,6,ちあき なおみ,さだめ川
26,1975,赤組,19,島倉 千代子,悲しみの宿
26,1975,白組,1,細川 たかし,心のこり
26,1975,白組,3,郷 ひろみ,花のように鳥のように
26,1975,白組,5,堺 正章,明日の前に
26,1975,白組,1,ずうとるび,初恋の絵日記
26,1975,白組,3,三善 英史,細雪
26,1975,白組,1,ダウン・タウン・ブギウギ・バンド,港のヨーコ・ヨコハマ・ヨコスカ
26,1975,白組,2,西城 秀樹,白い教会
26,1975,白組,2,殿さまキングス,女の純情
26,1975,白組,6,にしきの あきら,赤い恋のバラード
26,1975,白組,14,村田 英雄,無法松の一生
26,1975,白組,6,フォーリーブス,ハッピー・ピープル
26,1975,白組,4,内山田洋とクール・ファイブ,中の島ブルース
26,1975,白組,9,菅原 洋一,愛の嵐
26,1975,白組,12,三橋 美智也,津軽じょんがら節
26,1975,白組,16,橋 幸夫,木曾ぶし三度笠
26,1975,白組,4,野口 五郎,私鉄沿線
26,1975,白組,18,三波 春夫,おまんた囃子
26,1975,白組,8,森 進一,あゝ人恋し
26,1975,白組,4,沢田 研二,時の過ぎゆくままに
26,1975,白組,19,フランク永井,君恋し
26,1975,白組,17,春日 八郎,赤いランプの終列車
26,1975,白組,13,北島 三郎,残雪
26,1975,白組,9,布施 明,シクラメンのかほり
26,1975,白組,5,五木 ひろし,千曲川
27,1976,赤組,3,山口 百恵,横須賀ストーリー
27,1976,赤組,2,西川 峰子,峰子のマドロスさん
27,1976,赤組,2,キャンディーズ,春一番
27,1976,赤組,6,南 沙織,哀しい妖精
27,1976,赤組,1,太田 裕美,木綿のハンカチーフ
27,1976,赤組,10,佐良 直美,ひとり旅
27,1976,赤組,7,和田 アキ子,雨のサタデー
27,1976,赤組,3,桜田 淳子,夏にご用心
27,1976,赤組,1,研 ナオコ,LA-LA-LA
27,1976,赤組,10,梓 みちよ,メランコリー
27,1976,赤組,1,伊藤 咲子,きみ可愛いね
27,1976,赤組,8,いしだ あゆみ,時には一人で
27,1976,赤組,4,森 昌子,恋ひとつ雪景色
27,1976,赤組,2,岩崎 宏美,ファンタジー
27,1976,赤組,5,藤 圭子,はしご酒
27,1976,赤組,12,水前寺 清子,鬼面児
27,1976,赤組,8,由紀 さおり,つかの間の雨
27,1976,赤組,20,島倉 千代子,逢いたいなァあの人に
27,1976,赤組,4,八代 亜紀,もう一度逢いたい
27,1976,赤組,1,二葉 百合子,岸壁の母
27,1976,赤組,6,小柳 ルミ子,逢いたくて北国へ
27,1976,赤組,10,青江 三奈,女から男への手紙
27,1976,赤組,7,ちあき なおみ,酒場川
27,1976,赤組,12,都 はるみ,北の宿から
27,1976,白組,5,野口 五郎,針葉樹
27,1976,白組,2,細川 たかし,置き手紙
27,1976,白組,7,フォーリーブス,踊り子
27,1976,白組,6,堺 正章,苺の季節
27,1976,白組,1,新沼 謙治,嫁に来ないか
27,1976,白組,5,内山田洋とクール・ファイブ,東京砂漠
27,1976,白組,3,西城 秀樹,若き獅子たち
27,1976,白組,4,郷 ひろみ,あなたがいたから僕がいた
27,1976,白組,1,あおい 輝彦,あなただけを
27,1976,白組,10,菅原 洋一,夜のタンゴ
27,1976,白組,1,田中 星児,ビューティフル・サンデー
27,1976,白組,17,橋 幸夫,俺ら次郎長
27,1976,白組,13,三橋 美智也,津軽甚句
27,1976,白組,19,三波 春夫,人生おけさ
27,1976,白組,3,殿さまキングス,恋は紅いバラ
27,1976,白組,15,村田 英雄,男の土俵
27,1976,白組,15,ダーク・ダックス,二十二歳まで
27,1976,白組,20,フランク永井,東京午前三時
27,1976,白組,9,森 進一,さざんか
27,1976,白組,3,加山 雄三,ぼくの妹に
27,1976,白組,18,春日 八郎,あん時ゃどしゃ降り
27,1976,白組,14,北島 三郎,歩
27,1976,白組,10,布施 明,落葉が雪に
27,1976,白組,6,五木 ひろし,愛の始発
28,1977,赤組,4,桜田 淳子,気まぐれヴィーナス
28,1977,赤組,1,ピンク・レディー,ウォンテッド
28,1977,赤組,2,太田 裕美,九月の雨
28,1977,赤組,3,西川 峰子,ギター流して今晩わ
28,1977,赤組,1,高田 みづえ,硝子坂
28,1977,赤組,3,岩崎 宏美,悲恋白書
28,1977,赤組,3,キャンディーズ,やさしい悪魔
28,1977,赤組,1,ハイ・ファイ・セット,フィーリング
28,1977,赤組,11,佐良 直美,ラヴ・ミー・テンダー〜ハウンド・ドッグ
28,1977,赤組,7,南 沙織,街角のラブソング
28,1977,赤組,1,しばた はつみ,マイ・ラグジュアリー・ナイト
28,1977,赤組,8,和田 アキ子,夜更けのレストラン
28,1977,赤組,4,山口 百恵,イミテイション・ゴールド
28,1977,赤組,13,水前寺 清子,虚空太鼓
28,1977,赤組,9,由紀 さおり,う・ふ・ふ
28,1977,赤組,9,いしだ あゆみ,港・坂道・異人館
28,1977,赤組,11,青江 三奈,みなとブルース
28,1977,赤組,7,小柳 ルミ子,星の砂
28,1977,赤組,1,石川 さゆり,津軽海峡・冬景色
28,1977,赤組,21,島倉 千代子,京都北嵯峨別れ寺
28,1977,赤組,8,ちあき なおみ,夜へ急ぐ人
28,1977,赤組,5,森 昌子,なみだの桟橋
28,1977,赤組,13,都 はるみ,しあわせ岬
28,1977,赤組,5,八代 亜紀,おんな港町
28,1977,白組,5,郷 ひろみ,悲しきメモリー
28,1977,白組,1,狩人,あずさ2号
28,1977,白組,2,新沼 謙治,ヘッド・ライト
28,1977,白組,3,細川 たかし,ひとり旅
28,1977,白組,1,清水 健太郎,失恋レストラン
28,1977,白組,6,野口 五郎,風の駅
28,1977,白組,4,西城 秀樹,ボタンを外せ
28,1977,白組,1,森田公一とトップギャラン,青春時代
28,1977,白組,11,菅原 洋一,奥様お手をどうぞ
28,1977,白組,14,三橋 美智也,風の街
28,1977,白組,1,松崎 しげる,愛のメモリー
28,1977,白組,5,千 昌夫,北国の春
28,1977,白組,4,加山 雄三,もえる草原
28,1977,白組,15,北島 三郎,終着駅は始発駅
28,1977,白組,16,村田 英雄,男だけの唄
28,1977,白組,21,フランク永井,おまえに
28,1977,白組,6,内山田洋とクール・ファイブ,思い切り橋
28,1977,白組,5,沢田 研二,勝手にしやがれ
28,1977,白組,1,小林 旭,昔の名前で出ています
28,1977,白組,20,三波 春夫,三波のハンヤ節 西郷隆盛
28,1977,白組,11,布施 明,旅愁〜斑鳩にて
28,1977,白組,19,春日 八郎,望郷詩
28,1977,白組,10,森 進一,東京物語
28,1977,白組,7,五木 ひろし,灯りが欲しい
29,1978,赤組,1,榊原 郁恵,夏のお嬢さん
29,1978,赤組,4,岩崎 宏美,シンデレラ・ハネムーン
29,1978,赤組,2,石川 さゆり,火の国へ
29,1978,赤組,2,研 ナオコ,かもめはかもめ
29,1978,赤組,1,芹 洋子,坊がつる讃歌
29,1978,赤組,5,桜田 淳子,しあわせ芝居
29,1978,赤組,1,庄野 真代,飛んでイスタンブール
29,1978,赤組,1,サーカス,Mr.サマータイム
29,1978,赤組,1,渡辺 真知子,迷い道
29,1978,赤組,12,佐良 直美,愛の消しゴム
29,1978,赤組,1,中原 理恵,東京ららばい
29,1978,赤組,2,高田 みづえ,花しぐれ
29,1978,赤組,9,和田 アキ子,コーラス・ガール
29,1978,赤組,14,水前寺 清子,肥後の駒下駄
29,1978,赤組,3,太田 裕美,ドール
29,1978,赤組,4,西川 峰子,東京ラブ・コール
29,1978,赤組,12,青江 三奈,ふられぐせ
29,1978,赤組,6,八代 亜紀,故郷へ・・・
29,1978,赤組,8,小柳 ルミ子,雨・・・
29,1978,赤組,6,森 昌子,彼岸花
29,1978,赤組,10,由紀 さおり,トーキョー・バビロン
29,1978,赤組,22,島倉 千代子,りんどう峠
29,1978,赤組,14,都 はるみ,なんで女に
29,1978,赤組,5,山口 百恵,プレイバック Part2
29,1978,白組,6,郷 ひろみ,バイブレーション
29,1978,白組,4,平尾 昌晃、,初
29,1978,白組,2,狩人,国道ささめ雪
29,1978,白組,7,野口 五郎,グッド・ラック
29,1978,白組,1,角川 博,許してください
29,1978,白組,5,西城 秀樹,ブルースカイブルー
29,1978,白組,1,世良公則&ツイスト,あんたのバラード
29,1978,白組,1,さとう 宗幸,青葉城恋唄
29,1978,白組,1,原田 真二,タイム・トラベル
29,1978,白組,5,加山 雄三,海その愛
29,1978,白組,3,新沼 謙治,北挽歌
29,1978,白組,4,細川 たかし,港夜景
29,1978,白組,6,千 昌夫,北国の春
29,1978,白組,22,フランク永井,公園の手品師
29,1978,白組,7,内山田洋とクール・ファイブ,さようならの彼方へ
29,1978,白組,12,菅原 洋一,恋歌師
29,1978,白組,20,春日 八郎,さよなら宗谷
29,1978,白組,8,五木 ひろし,熱愛
29,1978,白組,16,北島 三郎,与作
29,1978,白組,21,三波 春夫,さくら日本花の旅
29,1978,白組,12,布施 明,めぐり逢い紡いで
29,1978,白組,17,村田 英雄,人生劇場
29,1978,白組,11,森 進一,きみよ荒野へ
29,1978,白組,6,沢田 研二,LOVE(抱きしめたい)
30,1979,赤組,1,石野 真子,ジュリーがライバル
30,1979,赤組,2,榊原 郁恵,ラブジャック・サマー
30,1979,赤組,4,太田 裕美,シングルガール
30,1979,赤組,2,渡辺 真知子,たとえば・・・たとえば
30,1979,赤組,6,桜田 淳子,サンタモニカの風
30,1979,赤組,5,岩崎 宏美,万華鏡
30,1979,赤組,1,大橋 純子,ビューティフル・ミー
30,1979,赤組,1,金沢 明子,津軽じょんがら節
30,1979,赤組,1,金田 たつえ,花街の母
30,1979,赤組,1,ジュディ・オング,魅せられて
30,1979,赤組,3,研 ナオコ,ひとりぽっちで踊らせて
30,1979,赤組,2,サーカス,アメリカン・フィーリング
30,1979,赤組,9,小柳 ルミ子,恋ごころ
30,1979,赤組,6,山口 百恵,しなやかに歌って
30,1979,赤組,15,水前寺 清子,涙を抱いた渡り鳥
30,1979,赤組,13,佐良 直美,世界は二人のために
30,1979,赤組,23,島倉 千代子,逢いたいなァあの人に
30,1979,赤組,18,美空 ひばり,ひばりのマドロスさん、リンゴ追分、人生一路
30,1979,赤組,1,小林 幸子,おもいで酒
30,1979,赤組,3,石川 さゆり,命燃やして
30,1979,赤組,7,森 昌子,ためいき橋
30,1979,赤組,13,青江 三奈,盛岡ブルース
30,1979,赤組,15,都 はるみ,さよなら海峡
30,1979,赤組,7,八代 亜紀,舟唄
30,1979,白組,7,郷 ひろみ,マイ・レディー
30,1979,白組,1,渥美 二郎,夢追い酒
30,1979,白組,4,新沼 謙治,青春想譜
30,1979,白組,2,角川 博,大阪ものがたり
30,1979,白組,8,野口 五郎,青春の一冊
30,1979,白組,2,ツイスト,燃えろいい女
30,1979,白組,1,サザンオールスターズ,いとしのエリー
30,1979,白組,1,さだ まさし,関白宣言
30,1979,白組,1,ゴダイゴ,ビューティフル・ネーム
30,1979,白組,6,西城 秀樹,ヤングマン(Y.M.C.A.)
30,1979,白組,5,細川 たかし,ゆきずり
30,1979,白組,6,加山 雄三,旅人よ
30,1979,白組,13,布施 明,君は薔薇より美しい
30,1979,白組,7,沢田 研二,カサブランカ・ダンディ
30,1979,白組,22,三波 春夫,雪の渡り鳥
30,1979,白組,13,菅原 洋一,知りたくないの
30,1979,白組,23,フランク永井,東京午前三時
30,1979,白組,11,藤山 一郎,丘を越えて、長崎の鐘、青い山脈
30,1979,白組,7,千 昌夫,北国の春
30,1979,白組,8,内山田洋とクール・ファイブ,昔があるから
30,1979,白組,12,森 進一,新宿・みなと町
30,1979,白組,18,村田 英雄,人生峠
30,1979,白組,17,北島 三郎,与作
30,1979,白組,9,五木 ひろし,おまえとふたり
31,1980,赤組,3,榊原 郁恵,ROBOT
31,1980,赤組,1,松田 聖子,青い珊瑚礁
31,1980,赤組,2,石野 真子,ハートで勝負
31,1980,赤組,3,高田 みづえ,私はピアノ
31,1980,赤組,1,岩崎 良美,あなた色のマノン
31,1980,赤組,6,岩崎 宏美,摩天楼
31,1980,赤組,1,八神 純子,パープルタウン
31,1980,赤組,1,五輪 真弓,恋人よ
31,1980,赤組,1,ロス・インディオス&シルヴィア,別れても好きな人
31,1980,赤組,10,小柳 ルミ子,来夢来人
31,1980,赤組,5,太田 裕美,南風
31,1980,赤組,7,桜田 淳子,美しい夏
31,1980,赤組,4,研 ナオコ,夢枕
31,1980,赤組,24,島倉 千代子,女がひとり
31,1980,赤組,2,ジュディ・オング,麗華の夢
31,1980,赤組,2,金沢 明子,津軽あいや節
31,1980,赤組,4,石川 さゆり,鷗という名の酒場
31,1980,赤組,16,都 はるみ,大阪しぐれ
31,1980,赤組,16,水前寺 清子,三百六十五歩のマーチ
31,1980,赤組,8,森 昌子,波止場通りなみだ町
31,1980,赤組,14,青江 三奈,酔心
31,1980,赤組,2,小林 幸子,とまり木
31,1980,赤組,8,八代 亜紀,雨の慕情
31,1980,白組,8,郷 ひろみ,How manyいい顔
31,1980,白組,1,田原 俊彦,哀愁でいと
31,1980,白組,9,野口 五郎,コーラス・ライン
31,1980,白組,2,海援隊,贈る言葉
31,1980,白組,7,西城 秀樹,サンタマリアの祈り
31,1980,白組,8,沢田 研二,TOKIO
31,1980,白組,1,クリスタル・キング,大都会
31,1980,白組,2,さだ まさし,防人の詩
31,1980,白組,1,もんた&ブラザーズ,ダンシング・オールナイト
31,1980,白組,9,内山田洋とクール・ファイブ,魅惑・シェイプアップ
31,1980,白組,5,新沼 謙治,さすらい派
31,1980,白組,14,布施 明,愛よその日まで
31,1980,白組,7,加山 雄三,湯沢旅情
31,1980,白組,24,フランク永井,恋はお洒落に
31,1980,白組,2,ゴダイゴ,ポートピア
31,1980,白組,14,菅原 洋一,ラ・クンパルシータ
31,1980,白組,6,細川 たかし,ほたる草
31,1980,白組,18,北島 三郎,風雪ながれ旅
31,1980,白組,23,三波 春夫,チャンチキおけさ
31,1980,白組,8,千 昌夫,味噌汁の詩
31,1980,白組,19,村田 英雄,夫婦酒
31,1980,白組,13,森 進一,恋月夜
31,1980,白組,10,五木 ひろし,ふたりの夜明け
32,1981,赤組,1,河合 奈保子,スマイル・フォー・ミー
32,1981,赤組,1,石川 ひとみ,まちぶせ
32,1981,赤組,1,松村 和子,帰ってこいよ
32,1981,赤組,4,高田 みづえ,涙のジルバ
32,1981,赤組,2,松田 聖子,夏の扉
32,1981,赤組,17,水前寺 清子,有明けの海
32,1981,赤組,1,川中 美幸,ふたり酒
32,1981,赤組,11,小柳 ルミ子,たそがれラブコール
32,1981,赤組,25,島倉 千代子,鳳仙花
32,1981,赤組,1,牧村 三枝子,みちづれ
32,1981,赤組,2,五輪 真弓,リバイバル
32,1981,赤組,4,榊原 郁恵,シャイニング・ラブ
32,1981,赤組,8,桜田 淳子,"This is a ""Boogie"""
32,1981,赤組,2,ロス・インディオス&シルビア,うそよ今夜も
32,1981,赤組,15,青江 三奈,あなたにゆられて
32,1981,赤組,5,研 ナオコ,ボサノバ
32,1981,赤組,5,石川 さゆり,なみだの宿
32,1981,赤組,7,岩崎 宏美,すみれ色の涙
32,1981,赤組,3,小林 幸子,迷い鳥
32,1981,赤組,17,都 はるみ,浮草ぐらし
32,1981,赤組,9,八代 亜紀,うしろ影
32,1981,赤組,9,森 昌子,哀しみ本線日本海
32,1981,白組,1,近藤 真彦,ギンギラギンにさりげなく
32,1981,白組,2,田原 俊彦,悲しみ 2(TOO)ヤング
32,1981,白組,1,山本 譲二,みちのくひとり旅
32,1981,白組,9,郷 ひろみ,お嫁サンバ
32,1981,白組,9,千 昌夫,望郷酒場
32,1981,白組,24,三波 春夫,雪の渡り鳥
32,1981,白組,8,西城 秀樹,ジプシー
32,1981,白組,15,菅原 洋一,慕情
32,1981,白組,25,フランク永井,おまえに
32,1981,白組,7,細川 たかし,いつかどこかで
32,1981,白組,1,寺尾 聰,ルビーの指環
32,1981,白組,1,西田 敏行,もしもピアノが弾けたなら
32,1981,白組,8,加山 雄三,夜空を仰いで〜お嫁においで〜君といつまでも
32,1981,白組,9,沢田 研二,ス・ト・リ・ッ・パ・ー
32,1981,白組,20,村田 英雄,なみだ坂
32,1981,白組,1,竜 鉄也,奥飛騨慕情
32,1981,白組,10,野口 五郎,裏切り小僧
32,1981,白組,6,新沼 謙治,待たせたね
32,1981,白組,10,内山田洋とクール・ファイブ,女・こぬか雨
32,1981,白組,14,森 進一,命あたえて
32,1981,白組,11,五木 ひろし,人生かくれんぼ
32,1981,白組,19,北島 三郎,風雪ながれ旅
33,1982,赤組,1,三原 順子,ホンキでLove me Good!!
33,1982,赤組,2,河合 奈保子,夏のヒロイン
33,1982,赤組,1,あみん,待つわ
33,1982,赤組,5,高田 みづえ,ガラスの花
33,1982,赤組,3,松田 聖子,野ばらのエチュード
33,1982,赤組,18,水前寺 清子,大勝負
33,1982,赤組,1,シュガー,ウェディング・ベル
33,1982,赤組,6,研 ナオコ,夏をあきらめて
33,1982,赤組,3,ロス・インディオス&シルビア,コモエスタ赤坂
33,1982,赤組,16,青江 三奈,伊勢佐木町ブルース
33,1982,赤組,26,島倉 千代子,この世の花
33,1982,赤組,2,牧村 三枝子,くちなしの花
33,1982,赤組,5,榊原 郁恵,なごり雪
33,1982,赤組,12,小柳 ルミ子,みだれ髪
33,1982,赤組,9,桜田 淳子,セーラー服と機関銃
33,1982,赤組,2,川中 美幸,あなたひとすじ
33,1982,赤組,8,岩崎 宏美,聖母(マドンナ)たちのララバイ
33,1982,赤組,10,森 昌子,立待岬
33,1982,赤組,6,石川 さゆり,津軽海峡・冬景色
33,1982,赤組,4,小林 幸子,おもいで酒
33,1982,赤組,10,八代 亜紀,海猫
33,1982,赤組,18,都 はるみ,涙の連絡船
33,1982,白組,1,シブがき隊,100%・・・SOかもね!
33,1982,白組,3,田原 俊彦,誘惑スレスレ
33,1982,白組,2,近藤 真彦,ホレたぜ!乾杯
33,1982,白組,9,西城 秀樹,聖・少女
33,1982,白組,10,郷 ひろみ,哀愁のカサブランカ
33,1982,白組,25,三波 春夫,チャンチキおけさ
33,1982,白組,2,サザンオールスターズ,チャコの海岸物語
33,1982,白組,16,菅原 洋一,愛の讃歌
33,1982,白組,9,加山 雄三,君といつまでも
33,1982,白組,26,フランク永井,有楽町で逢いましょう
33,1982,白組,10,千 昌夫,北国の春
33,1982,白組,7,新沼 謙治,新雪
33,1982,白組,2,山本 譲二,旅の終りはお前
33,1982,白組,2,西田 敏行,ああ上野駅
33,1982,白組,10,沢田 研二,6番目のユ・ウ・ウ・ツ
33,1982,白組,11,内山田洋とクール・ファイブ,噂の女
33,1982,白組,1,中村 雅俊,心の色
33,1982,白組,8,細川 たかし,北酒場
33,1982,白組,21,村田 英雄,夫婦春秋
33,1982,白組,20,北島 三郎,なみだ船
33,1982,白組,12,五木 ひろし,契り
33,1982,白組,15,森 進一,影を慕いて
34,1983,赤組,9,岩崎 宏美,家路
34,1983,赤組,1,柏原 芳恵,春なのに
34,1983,赤組,3,河合 奈保子,UNバランス
34,1983,赤組,3,川中 美幸,遣らずの雨
34,1983,赤組,6,榊原 郁恵,悲しきクラクション
34,1983,赤組,13,小柳 ルミ子,お久しぶりね
34,1983,赤組,27,島倉 千代子,積木くずし
34,1983,赤組,3,牧村 三枝子,樹氷の宿
34,1983,赤組,1,日野 美歌,氷雨
34,1983,赤組,1,早見 優,夏色のナンシー
34,1983,赤組,1,中森 明菜,禁区
34,1983,赤組,6,高田 みづえ,そんなヒロシに騙されて
34,1983,赤組,1,杏里,キャッツアイ
34,1983,赤組,19,都 はるみ,浪花恋しぐれ
34,1983,赤組,17,青江 三奈,大阪ブルース
34,1983,赤組,4,松田 聖子,ガラスの林檎
34,1983,赤組,11,八代 亜紀,日本海
34,1983,赤組,7,研 ナオコ,泣かせて
34,1983,赤組,11,森 昌子,越冬つばめ
34,1983,赤組,5,小林 幸子,ふたたびの
34,1983,赤組,19,水前寺 清子,あさくさ物語
34,1983,白組,10,西城 秀樹,ギャランドゥ
34,1983,白組,11,野口 五郎,19:00の街
34,1983,白組,11,郷 ひろみ,素敵にシンデレラ・コンプレックス
34,1983,白組,1,大川 栄策,さざんかの宿
34,1983,白組,2,シブがき隊,挑発∞(MUGENDAI)
34,1983,白組,11,沢田 研二,晴れのちBLUE BOY
34,1983,白組,26,三波 春夫,放浪茣蓙枕(さすらいござまくら)
34,1983,白組,11,千 昌夫,夕焼け雲
34,1983,白組,1,梅沢 富美男,夢芝居
34,1983,白組,1,アルフィー,メリーアン
34,1983,白組,3,近藤 真彦,ためいきロ・カ・ビ・リ・ー
34,1983,白組,3,山本 譲二,海鳴り
34,1983,白組,8,新沼 謙治,酒とふたりづれ
34,1983,白組,22,村田 英雄,空手一代
34,1983,白組,3,サザンオールスターズ,東京シャッフル
34,1983,白組,4,田原 俊彦,さらば・・・夏
34,1983,白組,21,北島 三郎,漁歌
34,1983,白組,17,菅原 洋一,アマン
34,1983,白組,13,五木 ひろし,細雪
34,1983,白組,16,森 進一,冬のリヴィエラ
34,1983,白組,9,細川 たかし,矢切の渡し
35,1984,赤組,2,早見 優,誘惑光線☆クラッ!
35,1984,赤組,1,堀 ちえみ,東京Suger Town
35,1984,赤組,7,高田 みづえ,秋冬
35,1984,赤組,4,河合 奈保子,唇のプライバシー
35,1984,赤組,8,研 ナオコ,名画座
35,1984,赤組,4,川中 美幸,ふたりの春
35,1984,赤組,2,中森 明菜,十戒(1984)
35,1984,赤組,5,松田 聖子,Rock'n Rouge
35,1984,赤組,20,水前寺 清子,浪花節だよ人生は
35,1984,赤組,1,小泉 今日子,渚のはいから人魚
35,1984,赤組,4,牧村 三枝子,冬仕度
35,1984,赤組,1,高橋 真梨子,桃色吐息
35,1984,赤組,14,小柳 ルミ子,今さらジロー
35,1984,赤組,7,石川 さゆり,東京めぐり愛
35,1984,赤組,10,岩崎 宏美,20(はたち)の恋
35,1984,赤組,12,森 昌子,涙雪
35,1984,赤組,28,島倉 千代子,からたち日記
35,1984,赤組,12,八代 亜紀,恋瀬川
35,1984,赤組,6,小林 幸子,もしかして
35,1984,赤組,20,都 はるみ,夫婦坂
35,1984,白組,3,シブがき隊,アッパレ!フジヤマ
35,1984,白組,1,舘 ひろし,泣かないで
35,1984,白組,12,千 昌夫,津軽平野
35,1984,白組,11,西城 秀樹,抱きしめてジルバ
35,1984,白組,4,山本 譲二,奥州路
35,1984,白組,9,新沼 謙治,旅先の雨に
35,1984,白組,4,近藤 真彦,ケジメなさい
35,1984,白組,12,郷 ひろみ,2億4千万の瞳
35,1984,白組,10,細川 たかし,浪花節だよ人生は
35,1984,白組,1,チェッカーズ,涙のリクエスト
35,1984,白組,23,村田 英雄,冬の海
35,1984,白組,12,沢田 研二,AMAPOLA
35,1984,白組,5,田原 俊彦,チャールストンにはまだ早い
35,1984,白組,1,芦屋 雁之助,娘よ
35,1984,白組,18,菅原 洋一,忘れな草をあなたに
35,1984,白組,2,大川 栄策,盛り場おんな酒
35,1984,白組,27,三波 春夫,大利根無情
35,1984,白組,22,北島 三郎,まつり
35,1984,白組,14,五木 ひろし,長良川艶歌
35,1984,白組,17,森 進一,北の螢
36,1985,赤組,1,石川 秀美,愛の呪文
36,1985,赤組,5,河合 奈保子,デビュー
36,1985,赤組,1,テレサ・テン,愛人
36,1985,赤組,2,小泉 今日子,なんてったってアイドル
36,1985,赤組,2,柏原 芳恵,し・の・び・愛
36,1985,赤組,11,岩崎 宏美,決心
36,1985,赤組,3,中森 明菜,ミ・アモーレ
36,1985,赤組,15,小柳 ルミ子,乾杯!
36,1985,赤組,9,研 ナオコ,帰愁
36,1985,赤組,1,松原 のぶえ,おんなの出船
36,1985,赤組,3,早見 優,PASSION
36,1985,赤組,6,松田 聖子,天使のウィンク
36,1985,赤組,1,原田 知世,早春物語
36,1985,赤組,5,川中 美幸,男じゃないか
36,1985,赤組,21,水前寺 清子,人生夢三味線
36,1985,赤組,29,島倉 千代子,夢飾り
36,1985,赤組,13,八代 亜紀,命火
36,1985,赤組,8,石川 さゆり,波止場しぐれ
36,1985,赤組,7,小林 幸子,夫婦しぐれ
36,1985,赤組,13,森 昌子,愛傷歌
36,1985,白組,1,吉川 晃司,にくまれそうなNEWフェイス
36,1985,白組,4,シブがき隊,スシ食いねェ!
36,1985,白組,13,千 昌夫,あんた
36,1985,白組,2,チェッカーズ,ジュリアに傷心(ハート ブレイク)
36,1985,白組,1,C-C-B,Lucky Chanceをもう一度
36,1985,白組,5,山本 譲二,男詩
36,1985,白組,6,田原 俊彦,華麗なる賭け
36,1985,白組,13,郷 ひろみ,Cool
36,1985,白組,28,三波 春夫,夫婦屋台
36,1985,白組,1,鳥羽 一郎,兄弟船
36,1985,白組,19,菅原 洋一,歓びの日に
36,1985,白組,1,安全地帯,悲しみにさよなら
36,1985,白組,13,沢田 研二,灰とダイヤモンド
36,1985,白組,3,大川 栄策,男って辛いよな
36,1985,白組,11,細川 たかし,望郷じょんから
36,1985,白組,5,近藤 真彦,ヨイショッ!
36,1985,白組,23,北島 三郎,十九のまつり
36,1985,白組,24,村田 英雄,男の一生
36,1985,白組,15,五木 ひろし,そして・・・めぐり逢い
36,1985,白組,18,森 進一,女もよう
37,1986,赤組,1,荻野目 洋子,ダンシング・ヒーロー
37,1986,赤組,1,大月 みやこ,女の港
37,1986,赤組,3,小泉 今日子,夜明けのMEW
37,1986,赤組,1,斉藤 由貴,悲しみよこんにちは
37,1986,赤組,16,小柳 ルミ子,乱
37,1986,赤組,4,中森 明菜,DESIRE
37,1986,赤組,2,テレサ・テン,時の流れに身をまかせ
37,1986,赤組,10,研 ナオコ,Tokyo見返り美人
37,1986,赤組,3,五輪 真弓,時の流れに〜鳥になれ〜
37,1986,赤組,6,河合 奈保子,ハーフムーン・セレナーデ
37,1986,赤組,6,川中 美幸,ふたりの絆
37,1986,赤組,10,和田 アキ子,もう一度ふたりで歌いたい
37,1986,赤組,7,松田 聖子,瑠璃(るり)色の地球
37,1986,赤組,12,岩崎 宏美,好きにならずにいられない
37,1986,赤組,22,水前寺 清子,男三百六十度
37,1986,赤組,2,松原 のぶえ,演歌みち
37,1986,赤組,14,八代 亜紀,港町純情
37,1986,赤組,30,島倉 千代子,くちべに挽歌
37,1986,赤組,8,小林 幸子,別離(わかれ)
37,1986,赤組,9,石川 さゆり,天城越え
37,1986,白組,1,少年隊,仮面舞踏会
37,1986,白組,10,新沼 謙治,情け川
37,1986,白組,29,三波 春夫,あゝ北前船
37,1986,白組,1,吉 幾三,雪國
37,1986,白組,7,田原 俊彦,あッ
37,1986,白組,14,沢田 研二,女神
37,1986,白組,1,山川 豊,ときめきワルツ
37,1986,白組,5,シブがき隊,トラ!トラ!トラ!
37,1986,白組,2,小林 旭,熱き心に
37,1986,白組,6,近藤 真彦,青春
37,1986,白組,4,大川 栄策,雨の港
37,1986,白組,20,菅原 洋一,小雨降る径(みち)
37,1986,白組,10,加山 雄三,今は別れの時 フェアウェル
37,1986,白組,3,角川 博,波止場シャンソン
37,1986,白組,3,チェッカーズ,Song for U.S.A.
37,1986,白組,14,千 昌夫,望郷旅鴉
37,1986,白組,12,細川 たかし,さだめ川
37,1986,白組,25,村田 英雄,男吉良常
37,1986,白組,16,五木 ひろし,浪花盃
37,1986,白組,19,森 進一,ゆうすげの恋
38,1987,赤組,15,八代 亜紀,恋は火の川
38,1987,赤組,13,岩崎 宏美,夢やぶれて I Dreamed a Dream
38,1987,赤組,1,瀬川 瑛子,命くれない
38,1987,赤組,5,中森 明菜,難破船
38,1987,赤組,1,小比類巻 かほる,Hold On Me
38,1987,赤組,7,川中 美幸,愛は別離(わかれ)
38,1987,赤組,3,松原 のぶえ,なみだの桟橋
38,1987,赤組,4,小泉 今日子,木枯しに抱かれて
38,1987,赤組,8,松田 聖子,Strawberry Time
38,1987,赤組,1,佐藤 しのぶ,オンブラ・マイ・フ ラルゴ「なつかしい木陰」
38,1987,赤組,4,五輪 真弓,心の友
38,1987,赤組,2,荻野目 洋子,六本木純情派
38,1987,赤組,1,金子 由香利,おゝ我が人生
38,1987,赤組,1,神野 美伽,浪花そだち
38,1987,赤組,17,小柳 ルミ子,ヒーロー
38,1987,赤組,2,大月 みやこ,女の駅
38,1987,赤組,9,小林 幸子,雪椿
38,1987,赤組,10,石川 さゆり,夫婦善哉
38,1987,赤組,11,由紀 さおり,赤とんぼ
38,1987,赤組,11,和田 アキ子,抱擁
38,1987,白組,20,森 進一,悲しいけれど
38,1987,白組,15,布施 明,そして今は
38,1987,白組,1,尾形 大作,無錫(むしゃく)旅情
38,1987,白組,4,チェッカーズ,"I Love you, SAYONARA"
38,1987,白組,1,稲垣 潤一,思い出のビーチクラブ
38,1987,白組,6,山本 譲二,夜叉のように
38,1987,白組,2,吉 幾三,海峡
38,1987,白組,7,近藤 真彦,愚か者
38,1987,白組,11,加山 雄三,海その愛
38,1987,白組,1,竜童組,八木節イントロデュース
38,1987,白組,1,チョー・ヨンピル(韓国),窓の外の女
38,1987,白組,2,少年隊,君だけに
38,1987,白組,15,沢田 研二,チャンス
38,1987,白組,26,村田 英雄,男の花吹雪
38,1987,白組,21,菅原 洋一,ラ・バンバ
38,1987,白組,13,細川 たかし,夢暦
38,1987,白組,11,新沼 謙治,津軽恋女
38,1987,白組,24,北島 三郎,川
38,1987,白組,1,谷村 新司,昴(すばる)
38,1987,白組,17,五木 ひろし,追憶
39,1988,赤組,1,中山 美穂,Witches
39,1988,赤組,9,松田 聖子,Marrakech〜マラケッシュ〜
39,1988,赤組,1,工藤 静香,MUGO・ん・・・色っぽい
39,1988,赤組,6,中森 明菜,"I MISSED ""THE SHOCK"""
39,1988,赤組,5,小泉 今日子,怪盗ルビイ
39,1988,赤組,1,坂本 冬美,祝い酒
39,1988,赤組,1,ケー・ウンスク(韓国),すずめの涙
39,1988,赤組,4,松原 のぶえ,男なら
39,1988,赤組,12,和田 アキ子,だってしょうがないじゃない
39,1988,赤組,1,岸 千恵子,津軽じょんがら節
39,1988,赤組,1,島田 歌穂,オン・マイ・オウン
39,1988,赤組,14,益田(岩崎)宏美,未成年
39,1988,赤組,2,佐藤 しのぶ,アヴェ・マリア
39,1988,赤組,31,島倉 千代子,人生いろいろ
39,1988,赤組,3,大月 みやこ,乱れ花
39,1988,赤組,2,瀬川 瑛子,憂き世川
39,1988,赤組,18,小柳 ルミ子,愛のセレブレイション
39,1988,赤組,9,ちあき なおみ,紅とんぼ
39,1988,赤組,11,石川 さゆり,滝の白糸
39,1988,赤組,5,五輪 真弓,Wind and Roses
39,1988,赤組,10,小林 幸子,雪椿
39,1988,白組,1,光GENJI,光GENJI'88メドレー ガラスの十代〜パラダイス銀河〜Diamondハリケーン〜剣の舞
39,1988,白組,3,少年隊,じれったいね
39,1988,白組,1,男闘呼組,DAY BREAK
39,1988,白組,8,近藤 真彦,あぁ、グッと
39,1988,白組,5,チェッカーズ,素直にI'm Sorry
39,1988,白組,14,細川 たかし,北緯五十度
39,1988,白組,1,堀内 孝雄,ガキの頃のように
39,1988,白組,12,新沼 謙治,さよなら橋
39,1988,白組,3,吉 幾三,酒よ
39,1988,白組,1,爆風スランプ,RUNNER
39,1988,白組,1,タイム・ファイブ,星に願いを
39,1988,白組,1,TM NETWORK,COME ON EVERYBODY '88 FINAL MEGA-MIX
39,1988,白組,12,加山 雄三,マイ・ウェイ
39,1988,白組,2,チョー・ヨンピル(韓国),恨五百年
39,1988,白組,2,尾形 大作,いやんなっちゃうなァ
39,1988,白組,2,鳥羽 一郎,男の港
39,1988,白組,22,菅原 洋一,ラ・クンパルシータ
39,1988,白組,21,森 進一,京都去りがたし
39,1988,白組,18,五木 ひろし,港の五番町
39,1988,白組,2,谷村 新司,群青
39,1988,白組,25,北島 三郎,年輪
40,1989,赤組,6,織井 茂子,君の名は
40,1989,赤組,10,雪村 いづみ,愛燦燦
40,1989,赤組,8,松山 恵子,未練の波止場
40,1989,赤組,14,ペギー葉山,南国土佐を後にして
40,1989,赤組,2,ピンク・レディー,ヒット・メドレー
40,1989,赤組,4,松尾和子、和田弘とマヒナスターズ,誰よりも君を愛す
40,1989,赤組,21,都 はるみ,アンコ椿は恋の花
40,1989,赤組,1,内藤 やす子,六本木ララバイ'90
40,1989,赤組,2,工藤 静香,恋一夜
40,1989,赤組,2,中山 美穂,Virgin Eyes
40,1989,赤組,1,Wink,淋しい熱帯魚
40,1989,赤組,3,荻野目 洋子,ユア・マイ・ライフ
40,1989,赤組,2,加藤 登紀子,百万本のバラ
40,1989,赤組,1,キム・ヨンジャ(韓国),朝の国から
40,1989,赤組,3,佐藤 しのぶ,ロンドンデリーの歌
40,1989,赤組,2,坂本 冬美,男の情話
40,1989,赤組,4,大月 みやこ,女の舞
40,1989,赤組,2,小比類巻 かほる,いい子を抱いて眠りなよ
40,1989,赤組,2,杏里,Groove・A・Go・Go
40,1989,赤組,2,島田 歌穂,I AM CHANGING
40,1989,赤組,2,ケー・ウンスク(韓国),酔いどれて
40,1989,赤組,1,由紀さおり 安田祥子,赤とんぼ
40,1989,赤組,1,パティー・キム(韓国),離別(イビョル)
40,1989,赤組,16,八代 亜紀,下町夢しぐれ
40,1989,赤組,11,小林 幸子,福寿草
40,1989,赤組,13,和田 アキ子,だってしょうがないじゃない
40,1989,赤組,12,石川 さゆり,風の盆恋歌
40,1989,白組,2,田端 義夫,かえり船
40,1989,白組,21,春日 八郎,お富さん
40,1989,白組,27,村田 英雄,王将
40,1989,白組,1,ザ・タイガース,ヒット・メドレー
40,1989,白組,15,千 昌夫,北国の春
40,1989,白組,30,三波 春夫,東京五輪音頭
40,1989,白組,12,藤山 一郎,青い山脈
40,1989,白組,3,武田 鉄矢,声援
40,1989,白組,4,少年隊,まいったネ 今夜
40,1989,白組,2,男闘呼組,TIME ZONE
40,1989,白組,2,光GENJI,太陽がいっぱい
40,1989,白組,6,チェッカーズ,Friend and Dream
40,1989,白組,1,伊藤 多喜雄,ソーラン節
40,1989,白組,1,アラン・タム(香港),愛念(ゴイニム)
40,1989,白組,2,BAKUFU-SLUMP(爆風スランプ),大きな玉ねぎの下で〜はるかなる想い
40,1989,白組,2,堀内 孝雄,冗談じゃねえ
40,1989,白組,3,鳥羽 一郎,北の鷗唄
40,1989,白組,16,沢田 研二,DOWN
40,1989,白組,1,聖飢魔Ⅱ,白い奇蹟
40,1989,白組,1,市村 正親,オペラ座の怪人より
40,1989,白組,15,細川 たかし,北国へ
40,1989,白組,3,チョー・ヨンピル(韓国),Q
40,1989,白組,19,五木 ひろし,暖簾
40,1989,白組,4,吉 幾三,港
40,1989,白組,22,森 進一,指輪
40,1989,白組,3,谷村 新司,陽はまた昇る
40,1989,白組,26,北島 三郎,夜汽車
41,1990,赤組,1,DREAMS COME TRUE,笑顔の行方
41,1990,赤組,3,中山 美穂,愛してるっていわない!
41,1990,赤組,4,荻野目 洋子,ギャラリー
41,1990,赤組,3,工藤 静香,くちびるから媚薬
41,1990,赤組,2,内藤 やす子,KOKU-HAKU vol.Ⅰ
41,1990,赤組,3,瀬川 瑛子,人生晴れたり曇ったり
41,1990,赤組,4,佐藤 しのぶ,「ウエストサイド物語」からトゥナイト
41,1990,赤組,1,オユンナ(モンゴル),天の子守歌
41,1990,赤組,1,シンディー・ローパー(アメリカ),I Drove All Night
41,1990,赤組,1,宮沢 りえ,Game
41,1990,赤組,3,ピンク・レディー,ピンク・レディー・メドレー
41,1990,赤組,1,B.B.クィーンズ,おどるポンポコリン
41,1990,赤組,1,EVE,イマジン
41,1990,赤組,18,青江 三奈,恍惚のブルース
41,1990,赤組,1,福士 りつ,津軽あいや節
41,1990,赤組,7,大津 美子,ここに幸あり
41,1990,赤組,1,マルシア(ブラジル),ふりむけばヨコハマ
41,1990,赤組,3,加藤 登紀子,知床旅情
41,1990,赤組,12,小林 幸子,天命(いのち)燃ゆ
41,1990,赤組,1,鮫島 有美子,ぼだい樹
41,1990,赤組,8,川中 美幸,ぐい呑み酒
41,1990,赤組,5,松原 のぶえ,蛍
41,1990,赤組,1,伍代 夏子,忍ぶ雨
41,1990,赤組,17,八代 亜紀,花束(ブーケ)
41,1990,赤組,3,坂本 冬美,能登はいらんかいね
41,1990,赤組,3,ケー・ウンスク(韓国),真夜中のシャワー
41,1990,赤組,14,和田 アキ子,抱かれ上手
41,1990,赤組,13,石川 さゆり,うたかた
41,1990,赤組,22,都 はるみ,千年の古都
41,1990,白組,3,光GENJI,CO CO RO
41,1990,白組,1,吉田 栄作,心の旅
41,1990,白組,5,少年隊,FUNCKY FLUSHIN'
41,1990,白組,7,チェッカーズ,夜明けのブレス
41,1990,白組,1,ガリー・バレンシアーノ(フィリピン),I Know What You Want
41,1990,白組,13,新沼 謙治,渋谷ものがたり
41,1990,白組,1,久保田 利伸,初
41,1990,白組,3,尾崎 紀世彦,また逢う日まで
41,1990,白組,1,長渕 剛,親知らず、いつかの少年、乾杯
41,1990,白組,1,忍者,お祭り忍者
41,1990,白組,1,たま,さよなら人類
41,1990,白組,7,植木 等,スーダラ伝説
41,1990,白組,14,郷 ひろみ,Wブッキング
41,1990,白組,3,西田 敏行,もしもピアノが弾けたなら
41,1990,白組,1,アレクサンドル・グラツキー(ソ連),ソング
41,1990,白組,3,堀内 孝雄,恋唄綴り
41,1990,白組,18,橋 幸夫,いつでも夢を
41,1990,白組,4,チョー・ヨンピル(韓国),釜山港へ帰れ
41,1990,白組,3,さだ まさし,風に立つライオン
41,1990,白組,1,ポール・サイモン(アメリカ),明日に架ける橋
41,1990,白組,5,吉 幾三,酔歌
41,1990,白組,16,細川 たかし,うかれ歌
41,1990,白組,1,G-クレフ,WE ARE G-CLEF
41,1990,白組,16,布施 明,シクラメンのかほり
41,1990,白組,4,鳥羽 一郎,演歌船
41,1990,白組,20,五木 ひろし,心
41,1990,白組,27,北島 三郎,山
41,1990,白組,4,谷村 新司,いい日旅立ち
41,1990,白組,23,森 進一,おふくろさん
42,1991,赤組,1,西田 ひかる,ときめいて
42,1991,赤組,4,工藤 静香,メタモルフォーゼ
42,1991,赤組,4,中山 美穂,Rosa
42,1991,赤組,1,森口 博子,ETERNAL WIND-ほほえみは光る風の中-
42,1991,赤組,3,欧陽菲菲,ラヴ・イズ・オーヴァー
42,1991,赤組,1,ライマ(ラトビア),VERNISAGE〜ELIZABET〜
42,1991,赤組,2,伍代 夏子,恋挽歌
42,1991,赤組,5,大月 みやこ,冬の華
42,1991,赤組,1,永井 真理子,ZUTTO
42,1991,赤組,23,都 はるみ,王将一代 小春しぐれ
42,1991,赤組,5,山本 リンダ,どうにもとまらない〜狙いうち
42,1991,赤組,1,Mi-ke,想い出の九十九里浜
42,1991,赤組,2,DREAMS COME TRUE,Eyes to me
42,1991,赤組,1,原 由子,花咲く旅路
42,1991,赤組,8,南 沙織,色づく街
42,1991,赤組,1,サラ・ブライトマン(イギリス),オペラ座の怪人
42,1991,赤組,1,香西 かおり,流恋草(はぐれそう)
42,1991,赤組,6,松原 のぶえ,離愁・・・秋から冬へ
42,1991,赤組,6,森山 良子,People
42,1991,赤組,18,八代 亜紀,舟唄
42,1991,赤組,3,テレサ・テン,時の流れに身をまかせ
42,1991,赤組,13,小林 幸子,冬化粧
42,1991,赤組,1,沢田 知可子,会いたい
42,1991,赤組,9,川中 美幸,炎情歌
42,1991,赤組,4,ケー・ウンスク(韓国),悲しみの訪問者
42,1991,赤組,4,坂本 冬美,火の国の女
42,1991,赤組,14,石川 さゆり,港唄
42,1991,赤組,15,和田 アキ子,あの鐘を鳴らすのはあなた
42,1991,白組,1,バブルガム・ブラザーズ,WON'T BE LONG
42,1991,白組,1,SMAP,Can't Stop!! -LOVING-
42,1991,白組,2,吉田 栄作,もしも君じゃなきゃ
42,1991,白組,1,スモーキー・マウンテン(フィリピン),TO YONA!(COME ON!)
42,1991,白組,1,ザ・ベンチャーズ(アメリカ),十番街の殺人〜ダイヤモンド・ヘッド〜パイプライン
42,1991,白組,1,前川 清,そして神戸
42,1991,白組,1,冠 二郎,酒場
42,1991,白組,6,吉 幾三,女のかぞえ唄
42,1991,白組,8,チェッカーズ,ミセス・マーメイド
42,1991,白組,1,河島 英五,時代おくれ
42,1991,白組,1,とんねるず,情けねえ
42,1991,白組,8,美川 憲一,さそり座の女
42,1991,白組,4,光GENJI,WINNING RUN
42,1991,白組,1,X,Silent Jealousy
42,1991,白組,1,KAN(カン),愛は勝つ
42,1991,白組,6,少年隊,MASK'91
42,1991,白組,5,鳥羽 一郎,師匠(おやじ)
42,1991,白組,1,喜納 昌吉,花〜すべての人の心に花を〜
42,1991,白組,1,アンディ・ウィリアムス(アメリカ),ムーン・リバー
42,1991,白組,4,堀内 孝雄,愛(いと)しき日々
42,1991,白組,4,さだ まさし,奇跡〜大きな愛のように〜
42,1991,白組,1,槇原 敬之,どんなときも。
42,1991,白組,1,鈴木 雅之,ガラス越しに消えた夏
42,1991,白組,17,細川 たかし,応援歌、いきます
42,1991,白組,24,森 進一,泣かせ雨
42,1991,白組,21,五木 ひろし,おしどり
42,1991,白組,28,北島 三郎,北の大地
42,1991,白組,5,谷村 新司,昴(すばる)
43,1992,赤組,2,森口 博子,スピード
43,1992,赤組,1,LINDBERG,恋をしようよYeah!Yeah!
43,1992,赤組,2,香西 かおり,花挽歌
43,1992,赤組,1,イルカ,なごり雪
43,1992,赤組,2,Mi-ke,涙のバケーション
43,1992,赤組,5,荻野目 洋子,コーヒー・ルンバ
43,1992,赤組,11,伊東 ゆかり,ボーイ・ハント
43,1992,赤組,11,梓 みちよ,こんにちは赤ちゃん
43,1992,赤組,19,八代 亜紀,愛の終着駅
43,1992,赤組,5,中山 美穂,世界中の誰よりきっと
43,1992,赤組,1,藤 あや子,こころ酒
43,1992,赤組,1,森高 千里,私がオバさんになっても
43,1992,赤組,1,中村 美律子,河内おとこ節
43,1992,赤組,2,西田 ひかる,生きてるって、素晴らしい
43,1992,赤組,1,GAO,サヨナラ
43,1992,赤組,3,DREAMS COME TRUE,晴れたらいいね〜紅白バージョン〜
43,1992,赤組,3,伍代 夏子,雪中花
43,1992,赤組,7,松原 のぶえ,愛冠岬(アイカップミサキ)
43,1992,赤組,5,ケー・ウンスク(堀内孝雄とデュエット),都会の天使たち
43,1992,赤組,10,川中 美幸,遣らずの雨
43,1992,赤組,5,工藤 静香,めちゃくちゃに泣いてしまいたい
43,1992,赤組,14,小林 幸子,恋蛍
43,1992,赤組,6,大月 みやこ,白い海峡
43,1992,赤組,24,都 はるみ,つくしんぼ
43,1992,赤組,5,坂本 冬美,男惚れ
43,1992,赤組,15,石川 さゆり,ホテル港や
43,1992,赤組,16,和田 アキ子,愛、とどきますか
43,1992,赤組,12,由紀 さおり,赤とんぼ〜どこかに帰ろう
43,1992,白組,2,SMAP,雪が降ってきた
43,1992,白組,1,小野 正利,You're the Only・・・
43,1992,白組,2,山川 豊,夜桜
43,1992,白組,1,南 こうせつ,神田川
43,1992,白組,5,光GENJI,リラの咲くころバルセロナへ
43,1992,白組,1,本木 雅弘,東へ西へ
43,1992,白組,10,舟木 一夫,高校三年生
43,1992,白組,10,デューク・エイセス,見上げてごらん夜の星を
43,1992,白組,3,小林 旭,さすらい
43,1992,白組,7,少年隊,太陽のあいつ
43,1992,白組,1,嘉門 達夫,替え歌メドレー〜紅白バージョン〜
43,1992,白組,9,美川 憲一,火の鳥
43,1992,白組,2,冠 二郎,炎
43,1992,白組,2,鈴木 雅之,もう涙はいらない
43,1992,白組,1,中西 圭三,君のいる星
43,1992,白組,2,X,紅(KURENAI)
43,1992,白組,7,吉 幾三,雪國
43,1992,白組,6,鳥羽 一郎,兄弟船
43,1992,白組,5,堀内 孝雄(ケー,都会の天使たち
43,1992,白組,5,ウンスクとデュエット),都会の天使たち
43,1992,白組,2,前川 清,男と女の破片(かけら)
43,1992,白組,9,チェッカーズ,フェアウェル・メドレー
43,1992,白組,1,米米CLUB,君がいるだけで〜紅白バージョン〜
43,1992,白組,25,森 進一,劇場の前
43,1992,白組,6,谷村 新司,三都物語
43,1992,白組,22,五木 ひろし,終着駅
43,1992,白組,18,細川 たかし,佐渡の恋唄
43,1992,白組,5,さだ まさし,秋桜(コスモス)
43,1992,白組,29,北島 三郎,帰ろかな
44,1993,赤組,1,久宝 留理子,男
44,1993,赤組,3,西田 ひかる,涙 止まらない
44,1993,赤組,3,香西 かおり,無言坂
44,1993,赤組,1,天童 よしみ,酒きずな
44,1993,赤組,2,GAO,LOVE
44,1993,赤組,20,八代 亜紀,もう一度逢いたい
44,1993,赤組,2,由紀さおり 安田祥子,月の砂漠
44,1993,赤組,10,いしだ あゆみ,ブルー・ライト・ヨコハマ
44,1993,赤組,4,DREAMS COME TRUE,go for it!
44,1993,赤組,1,オルケスタ・デ・ラ・ルス,サルサに国境はない
44,1993,赤組,1,長山 洋子,蜩〜ひぐらし〜
44,1993,赤組,2,森高 千里,私の夏
44,1993,赤組,3,森口 博子,ホイッスル
44,1993,赤組,6,中山 美穂,幸せになるために
44,1993,赤組,11,研ナオコ,かもめはかもめ
44,1993,赤組,7,大月 みやこ,女の港
44,1993,赤組,4,伍代 夏子,恋ざんげ
44,1993,赤組,6,ケー・ウンスク(韓国),アモーレ〜はげしく愛して〜
44,1993,赤組,2,中村 美律子,島田のブンブン
44,1993,赤組,6,工藤 静香,慟哭
44,1993,赤組,15,小林 幸子,約束
44,1993,赤組,2,藤 あや子,むらさき雨情
44,1993,赤組,6,坂本 冬美,恋は火の舞 剣の舞
44,1993,赤組,17,和田 アキ子,星空の孤独
44,1993,赤組,25,都 はるみ,おんなの海峡
44,1993,赤組,16,石川 さゆり,津軽海峡・冬景色
44,1993,白組,3,X‐JAPAN,TEARS
44,1993,白組,3,SMAP,$10(テンダラーズ)
44,1993,白組,3,山川 豊,流氷子守歌
44,1993,白組,1,高山 厳,心凍らせて
44,1993,白組,1,J-WALK,何も言えなくて…夏
44,1993,白組,7,鳥羽 一郎,男の港
44,1993,白組,2,南 こうせつ,妹
44,1993,白組,2,渡 哲也,くちなしの花
44,1993,白組,10,美川 憲一,うたかたの夢
44,1993,白組,3,前川 清,別れ曲(うた)でも唄って
44,1993,白組,6,光GENJI,勇気100%
44,1993,白組,1,福山 雅治,MELODY
44,1993,白組,19,細川 たかし,恋の酒
44,1993,白組,8,少年隊,服部良一メドレー〜紅白バージョン〜
44,1993,白組,3,海援隊,贈る言葉
44,1993,白組,8,吉 幾三,酒よ
44,1993,白組,1,TUBE,夏を待ちきれなくて
44,1993,白組,6,堀内 孝雄,影法師
44,1993,白組,1,THE BOOM,島唄
44,1993,白組,1,藤井 フミヤ,TRUE LOVE
44,1993,白組,4,小林 旭,あれから
44,1993,白組,6,さだ まさし,主人公
44,1993,白組,23,五木 ひろし,べにばな
44,1993,白組,7,谷村 新司,階(きざはし)
44,1993,白組,26,森 進一,さらば友よ
44,1993,白組,30,北島 三郎,まつり
45,1994,赤組,1,TRF,BOY MEETS GIRL
45,1994,赤組,1,篠原 涼子,恋(いと)しさとせつなさと心強さと
45,1994,赤組,2,久宝 留理子,早くしてよ
45,1994,赤組,1,長保 有紀,惚(ほ)の字傘
45,1994,赤組,5,伍代 夏子,ひとり酒
45,1994,赤組,4,森口 博子,Let's Go
45,1994,赤組,1,田川 寿美,女…ひとり旅
45,1994,赤組,7,中山 美穂,ただ泣きたくなるの
45,1994,赤組,5,DREAMS COME TRUE,すき〜紅白バージョン〜
45,1994,赤組,32,島倉 千代子,人生いろいろ
45,1994,赤組,10,松田 聖子,輝いた季節へ旅立とう
45,1994,赤組,8,大月 みやこ,愛にゆれて…
45,1994,赤組,1,藤谷美和子 大内義昭,愛が生まれた日
45,1994,赤組,3,森高 千里,素敵な誕生日
45,1994,赤組,7,坂本 冬美,夜桜お七
45,1994,赤組,4,香西 かおり,恋慕川(しのびがわ)
45,1994,赤組,3,藤 あや子,花のワルツ
45,1994,赤組,7,工藤 静香,Blue Rose
45,1994,赤組,7,ケー・ウンスク(韓国),花のように鳥のように
45,1994,赤組,16,小林 幸子,雨の屋台酒
45,1994,赤組,3,由紀さおり 安田祥子,赤とんぼ〜どこかに帰ろう
45,1994,赤組,18,和田 アキ子,あの鐘を鳴らすのはあなた
45,1994,赤組,2,キム・ヨンジャ,川の流れのように
45,1994,赤組,17,石川 さゆり,飢餓海峡
45,1994,赤組,26,都 はるみ,古都逍遙
45,1994,白組,1,access,SCANDALOUS BLUE
45,1994,白組,1,TOKIO,LOVE YOU ONLY
45,1994,白組,1,山根 康広,Get Along Together〜愛を贈りたいから〜
45,1994,白組,7,山本 譲二,関門海峡
45,1994,白組,7,堀内 孝雄,夢の道草
45,1994,白組,4,SMAP,がんばりましょう
45,1994,白組,1,香田 晋,夢いちど
45,1994,白組,2,藤井 フミヤ,DAYS
45,1994,白組,2,米米CLUB,手紙〜紅白バージョン〜
45,1994,白組,1,小椋 佳,さらば青春
45,1994,白組,1,吉田 拓郎,外は白い雪の夜
45,1994,白組,9,吉 幾三,娘に…
45,1994,白組,15,郷 ひろみ,言えないよ
45,1994,白組,12,西城 秀樹,ヤングマン(Y.M.C.A.)
45,1994,白組,20,細川 たかし,夢酔い人(びと)
45,1994,白組,4,山川 豊,途中下車
45,1994,白組,17,沢田 研二,HELLO
45,1994,白組,4,X‐JAPAN,Rusty Nail
45,1994,白組,4,前川 清,恋するお店
45,1994,白組,11,美川 憲一,おだまり
45,1994,白組,27,森 進一,おふくろさん
45,1994,白組,5,小林 旭,熱き心に
45,1994,白組,8,谷村 新司,昴
45,1994,白組,31,北島 三郎,年輪
45,1994,白組,24,五木 ひろし,汽笛
46,1995,赤組,1,酒井 法子,碧いうさぎ
46,1995,赤組,2,TRF,Overnight Sensation〜時代はあなたに委ねてる〜
46,1995,赤組,2,長山 洋子,捨てられて
46,1995,赤組,5,香西 かおり,ごむたいな
46,1995,赤組,1,安室 奈美恵,Chase The Chance
46,1995,赤組,6,伍代 夏子,北の舟唄
46,1995,赤組,5,森口 博子,あなたといた時間
46,1995,赤組,4,森高 千里,二人は恋人
46,1995,赤組,1,岡本 真夜,TOMORROW
46,1995,赤組,1,石嶺 聡子,花
46,1995,赤組,6,DREAMS COME TRUE,LOVE LOVE LOVE〜紅白バージョン〜
46,1995,赤組,11,松田 聖子,ヒット・メドレー
46,1995,赤組,4,藤 あや子,み・れ・ん
46,1995,赤組,9,大月 みやこ,夜の雪
46,1995,赤組,3,中村 美律子,河内おとこ節
46,1995,赤組,2,田川 寿美,みれん海峡
46,1995,赤組,1,三船 和子,だんな様
46,1995,赤組,17,小林 幸子,母ひとり
46,1995,赤組,33,島倉 千代子,あの頃にとどけ
46,1995,赤組,4,由紀さおり 安田祥子,ふるさと
46,1995,赤組,1,田村 直美,ゆずれない願い
46,1995,赤組,8,坂本 冬美,あばれ太鼓
46,1995,赤組,18,石川 さゆり,北の女房
46,1995,赤組,27,都 はるみ,草枕
46,1995,赤組,19,和田 アキ子,もう一度ふたりで歌いたい
46,1995,白組,1,シャ乱Q,ズルい女
46,1995,白組,1,EAST END×YURI,DA・YO・NE
46,1995,白組,8,堀内 孝雄,東京発
46,1995,白組,3,冠 二郎,まごころ
46,1995,白組,2,TOKIO,風になって〜紅白バージョン〜
46,1995,白組,16,郷 ひろみ,逢いたくてしかたない
46,1995,白組,3,藤井 フミヤ,GET UP BOY
46,1995,白組,5,SMAP,胸さわぎ'96
46,1995,白組,1,小沢 健二,ラブリー
46,1995,白組,7,さだ まさし,精霊流し
46,1995,白組,1,H Jungle With t,WOW WAR TONIGHT〜時には起こせよムーヴメント〜
46,1995,白組,3,米米CLUB,ヒット・メドレー
46,1995,白組,9,谷村 新司,君のそばにいる
46,1995,白組,10,吉 幾三,情炎
46,1995,白組,13,西城 秀樹,ヤングマン(Y.M.C.A.)
46,1995,白組,8,鳥羽 一郎,兄弟船
46,1995,白組,1,加門 亮,男の慕情
46,1995,白組,12,美川 憲一,幸せになりたい
46,1995,白組,6,小林 旭,腕に虹だけ
46,1995,白組,5,前川 清,そして神戸
46,1995,白組,3,南 こうせつ,上を向いて歩こう
46,1995,白組,25,五木 ひろし,酒尽尽
46,1995,白組,32,北島 三郎,谷
46,1995,白組,28,森 進一,悲しみの器
46,1995,白組,21,細川 たかし,望郷じょんから
47,1996,赤組,1,JUDY AND MARY,そばかす
47,1996,赤組,1,相川 七瀬,夢見る少女じゃいられない
47,1996,赤組,1,門倉 有希,女の漁歌
47,1996,赤組,3,長山 洋子,ヨコハマ・シルエット
47,1996,赤組,3,TRF,LEGEND OF WIND
47,1996,赤組,4,中村 美律子,人生そこそこ七十点
47,1996,赤組,7,DREAMS COME TRUE,そうだよ
47,1996,赤組,5,森高 千里,ララ サンシャイン
47,1996,赤組,10,大月 みやこ,夢日記
47,1996,赤組,28,都 はるみ,好きになった人'96
47,1996,赤組,2,安室 奈美恵,Don't wanna cry
47,1996,赤組,1,華原 朋美,I'm proud
47,1996,赤組,12,松田 聖子,あなたに逢いたくて〜Missing You〜
47,1996,赤組,1,globe,Can't Stop fallin' in Love
47,1996,赤組,3,杏里,オリビアを聴きながら
47,1996,赤組,4,瀬川 瑛子,笑いじわ
47,1996,赤組,6,森口 博子,視線
47,1996,赤組,18,小林 幸子,越後情話
47,1996,赤組,5,由紀さおり 安田祥子,この道
47,1996,赤組,20,和田 アキ子,Mother
47,1996,赤組,34,島倉 千代子,ときめきをさがしに
47,1996,赤組,5,藤 あや子,紅
47,1996,赤組,19,石川 さゆり,昭和夢つばめ
47,1996,赤組,7,伍代 夏子,鳴門海峡
47,1996,赤組,9,坂本 冬美,夜桜お七
47,1996,白組,1,ウルフルズ,ガッツだぜ!!
47,1996,白組,2,小沢 健二,大人になれば
47,1996,白組,3,TOKIO,ありがとう・・・勇気
47,1996,白組,9,鳥羽 一郎,カサブランカ・グッバイ
47,1996,白組,9,近藤 真彦,ミッドナイト・シャッフル
47,1996,白組,11,吉 幾三,エレジー〜哀酒歌〜
47,1996,白組,1,RATS&STAR,夢で逢えたら
47,1996,白組,17,郷 ひろみ,2億4千万の瞳〜エキゾチック・ジャパン
47,1996,白組,6,前川 清,抱きしめて
47,1996,白組,29,森 進一,夜の無言
47,1996,白組,6,SMAP,SHAKE
47,1996,白組,4,藤井 フミヤ,Another Orion
47,1996,白組,1,玉置 浩二,田園
47,1996,白組,4,米米CLUB,浪漫飛行
47,1996,白組,4,南 こうせつ,夢一夜
47,1996,白組,1,憲三郎&ジョージ山本,浪漫-ROMAN-
47,1996,白組,13,美川 憲一,北国夜曲
47,1996,白組,2,シャ乱Q,いいわけ
47,1996,白組,7,小林 旭,北帰行
47,1996,白組,8,さだ まさし,案山子
47,1996,白組,9,堀内 孝雄,遠くで汽笛を聞きながら
47,1996,白組,10,谷村 新司,愛に帰りたい
47,1996,白組,22,細川 たかし,女のしぐれ
47,1996,白組,26,五木 ひろし,女の酒場
47,1996,白組,33,北島 三郎,風雪ながれ旅
48,1997,赤組,1,SPEED,WHITE LOVE
48,1997,赤組,1,広末 涼子,大スキ!
48,1997,赤組,1,岩本 公水,涙唱
48,1997,赤組,5,中村 美律子,人生桜
48,1997,赤組,1,Every Little Thing,Shapes Of Love
48,1997,赤組,6,香西 かおり,人形(おもちゃ)
48,1997,赤組,1,松 たか子,明日、春が来たら
48,1997,赤組,8,伍代 夏子,憂愁平野
48,1997,赤組,6,森高 千里,SWEET CANDY
48,1997,赤組,4,長山 洋子,たてがみ
48,1997,赤組,2,華原 朋美,Hate tell a lie
48,1997,赤組,1,MAX,Give me a Shake
48,1997,赤組,1,Le couple,ひだまりの詩
48,1997,赤組,8,DREAMS COME TRUE,PEACE!
48,1997,赤組,2,天童 よしみ,珍島物語
48,1997,赤組,1,オーロラ輝子(河合 美智子),夫婦みち
48,1997,赤組,19,小林 幸子,幸せ
48,1997,赤組,6,由紀さおり 安田祥子,トルコ行進曲
48,1997,赤組,6,藤 あや子,うたかたの恋
48,1997,赤組,7,森山 良子,さとうきび畑
48,1997,赤組,10,坂本 冬美,大志(こころざし)
48,1997,赤組,29,都 はるみ,海峡の宿
48,1997,赤組,20,石川 さゆり,天城越え
48,1997,赤組,21,和田 アキ子,夢
48,1997,赤組,3,安室 奈美恵,CAN YOU CELEBRATE?
48,1997,白組,1,T.M.Revolution,WHITE BREATH
48,1997,白組,4,TOKIO,フラれて元気
48,1997,白組,1,反町 隆史,Forever
48,1997,白組,10,鳥羽 一郎,カサブランカ・グッバイ
48,1997,白組,5,山川 豊,酒場のろくでなし
48,1997,白組,10,堀内 孝雄,愛(いと)しき日々
48,1997,白組,3,シャ乱Q,パワーソング
48,1997,白組,5,藤井 フミヤ,Go the Distance
48,1997,白組,7,前川 清,薔薇のオルゴール
48,1997,白組,5,南 こうせつ,うちのお父さん
48,1997,白組,7,SMAP,ダイナマイトセロリ!
48,1997,白組,1,GLAY,HOWEVER
48,1997,白組,18,郷 ひろみ,お嫁サンバ'97
48,1997,白組,14,西城 秀樹,moment
48,1997,白組,14,美川 憲一,慕情
48,1997,白組,1,河村 隆一,Love is・・・
48,1997,白組,5,X-JAPAN,Forever Love
48,1997,白組,9,さだ まさし,秋桜(コスモス)
48,1997,白組,12,吉 幾三,津軽平野
48,1997,白組,13,加山 雄三,若大将'97スペシャル
48,1997,白組,11,谷村 新司,櫻守
48,1997,白組,23,細川 たかし,冬の宿
48,1997,白組,30,森 進一,襟裳岬
48,1997,白組,34,北島 三郎,竹
48,1997,白組,27,五木 ひろし,千曲川
49,1998,赤組,2,SPEED,ALL MY TRUE LOVE
49,1998,赤組,1,モーニング娘。,抱いてHOLD ON ME!
49,1998,赤組,3,田川 寿美,哀愁港
49,1998,赤組,6,中村 美律子,河内おとこ節
49,1998,赤組,4,西田 ひかる,ザッツ・ディズニー・ファンタジー〜星に願いを〜ミッキーマウスマーチほか
49,1998,赤組,2,JUDY AND MARY,散歩道
49,1998,赤組,2,Every Little Thing,Time goes by
49,1998,赤組,7,香西 かおり,浮雲
49,1998,赤組,8,工藤 静香,きらら
49,1998,赤組,9,伍代 夏子,港恋唄
49,1998,赤組,1,ポケットビスケッツ&ブラックビスケッツ・スペシャルバンド,POWER&Timing 大晦日MIX
49,1998,赤組,2,MAX,Ride on time
49,1998,赤組,3,華原 朋美,daily news
49,1998,赤組,2,globe,wanna Be A Dreammaker
49,1998,赤組,11,川中 美幸,二輪草
49,1998,赤組,1,Kiroro,未来へ
49,1998,赤組,11,坂本 冬美,ふたり咲き
49,1998,赤組,20,小林 幸子,風といっしょに
49,1998,赤組,7,由紀さおり 安田祥子,ゴンドラの唄
49,1998,赤組,5,長山 洋子,父さんの詩(うた)
49,1998,赤組,21,石川 さゆり,風の盆恋歌
49,1998,赤組,7,藤 あや子,雪 深深(しんしん)
49,1998,赤組,3,天童 よしみ,人生しみじみ・・・
49,1998,赤組,4,安室 奈美恵,CAN YOU CELEBRATE?
49,1998,赤組,22,和田 アキ子,今 あなたにうたいたい
49,1998,白組,1,DA PUMP,Rhapsody in Blue
49,1998,白組,5,TOKIO,Love&Peace
49,1998,白組,2,TUBE,きっと どこかで
49,1998,白組,11,鳥羽 一郎,龍神
49,1998,白組,6,山川 豊,アメリカ橋
49,1998,白組,8,山本 譲二,俺がいるじゃないか
49,1998,白組,15,西城 秀樹,傷だらけのローラ
49,1998,白組,13,吉 幾三,冬鷗
49,1998,白組,8,前川 清,神戸
49,1998,白組,19,橋 幸夫,いつでも夢を
49,1998,白組,1,L'Arc〜en〜Ciel,HONEY
49,1998,白組,1,LUNA SEA,I for You
49,1998,白組,15,美川 憲一,別れの旅路
49,1998,白組,2,GLAY,誘惑
49,1998,白組,11,堀内 孝雄,竹とんぼ
49,1998,白組,5,武田 鉄矢(海援隊),母に捧げるバラード
49,1998,白組,19,郷 ひろみ,セクシー・ユー
49,1998,白組,2,T.M.Revolution,THUNDERBIRD
49,1998,白組,10,さだ まさし,北の国から'98
49,1998,白組,12,谷村 新司,チャンピオン
49,1998,白組,24,細川 たかし,北緯五十度
49,1998,白組,31,森 進一,冬の旅
49,1998,白組,8,SMAP,夜空ノムコウ
49,1998,白組,35,北島 三郎,根っこ
49,1998,白組,28,五木 ひろし,酒ひとり
50,1999,赤組,2,モーニング娘。,LOVEマシーン
50,1999,赤組,1,Hysteric Blue,春〜spring〜
50,1999,赤組,1,茂森あゆみ・速水けんたろう,だんご3兄弟
50,1999,赤組,3,MAX,一緒に・・・
50,1999,赤組,1,原田 悠里,津軽の花
50,1999,赤組,2,松 たか子,夢のしずく
50,1999,赤組,8,香西 かおり,望郷十年
50,1999,赤組,7,中村 美律子,河内酒
50,1999,赤組,2,Kiroro,長い間
50,1999,赤組,10,伍代 夏子,風待ち湊
50,1999,赤組,3,SPEED,my graduation '99
50,1999,赤組,3,Every Little Thing,Over and Over
50,1999,赤組,8,藤 あや子,女のまごころ
50,1999,赤組,1,浜崎 あゆみ,Boys&Girls
50,1999,赤組,1,鈴木 あみ,BE TOGETHER
50,1999,赤組,5,安室 奈美恵,RESPECT the POWER OF LOVE
50,1999,赤組,3,globe,You are the one
50,1999,赤組,21,八代 亜紀,舟唄
50,1999,赤組,6,長山 洋子,さだめ雪
50,1999,赤組,12,川中 美幸,君影草〜すずらん〜
50,1999,赤組,13,松田 聖子,SWEET MEMORIES
50,1999,赤組,12,坂本 冬美,風に立つ
50,1999,赤組,21,小林 幸子,やんちゃ酒
50,1999,赤組,8,由紀さおり・安田祥子,故郷
50,1999,赤組,22,石川 さゆり,天城越え
50,1999,赤組,4,天童 よしみ,川の流れのように
50,1999,赤組,23,和田 アキ子,あの鐘を鳴らすのはあなた
50,1999,白組,2,DA PUMP,We can't stop the music
50,1999,白組,1,Something ELse,ラストチャンス
50,1999,白組,12,鳥羽 一郎,足摺岬
50,1999,白組,3,GLAY,サバイバル
50,1999,白組,14,吉 幾三,冬の酒
50,1999,白組,1,19,あの紙ヒコーキ くもり空わって
50,1999,白組,7,山川 豊,アメリカ橋
50,1999,白組,16,西城 秀樹,バイラモス
50,1999,白組,12,堀内 孝雄,続・竹とんぼ〜青春(ゆめ)のしっぽ〜
50,1999,白組,6,TOKIO,愛の嵐
50,1999,白組,3,ゴダイゴ,ビューティフル・ネーム
50,1999,白組,14,加山 雄三,君といつまでも
50,1999,白組,9,前川 清,東京砂漠
50,1999,白組,1,野猿,Be cool!
50,1999,白組,2,L'Arc〜en〜Ciel,HEAVEN'S DRIVE
50,1999,白組,9,SMAP,Fly
50,1999,白組,1,Sans Filtre,Yei Yei
50,1999,白組,1,かぐや姫,神田川
50,1999,白組,25,細川 たかし,櫻の花の散るごとく
50,1999,白組,16,美川 憲一,永遠にバラの時を
50,1999,白組,20,郷 ひろみ,GOLDFINGER'99
50,1999,白組,31,三波 春夫,元禄名槍譜 俵星玄蕃
50,1999,白組,11,さだ まさし,奇跡〜大きな愛のように〜
50,1999,白組,32,森 進一,おふくろさん
50,1999,白組,13,谷村 新司,昴-すばる-
50,1999,白組,29,五木 ひろし,夜空
50,1999,白組,36,北島 三郎,まつり
51,2000,赤組,1,Whiteberry,夏祭り
51,2000,赤組,1,aiko,ボーイフレンド
51,2000,赤組,1,石原 詢子,みれん酒
51,2000,赤組,8,中村 美律子,おんなの純情
51,2000,赤組,1,花*花,あ〜よかった
51,2000,赤組,11,伍代 夏子,満月
51,2000,赤組,4,MAX,バラ色の日々
51,2000,赤組,9,藤 あや子,ふたり花
51,2000,赤組,7,長山 洋子,紅い雪
51,2000,赤組,4,Every Little Thing,愛のカケラ
51,2000,赤組,2,原田 悠里,夢ひとすじ
51,2000,赤組,3,モーニング娘。,ハッピーサマーウェディング大晦日スペシャル
51,2000,赤組,13,坂本 冬美,風鈴
51,2000,赤組,9,香西 かおり,無言坂
51,2000,赤組,2,浜崎 あゆみ,SEASONS
51,2000,赤組,2,鈴木 あみ,THANK YOU 4 EVERY DAY EVERY BODY
51,2000,赤組,1,hitomi,LOVE 2000
51,2000,赤組,1,小柳 ゆき,あなたのキスを数えましょう 〜You were mine〜
51,2000,赤組,14,松田 聖子,あなたに逢いたくて〜Missing You〜
51,2000,赤組,22,八代 亜紀,なみだ恋
51,2000,赤組,4,ピンク・レディー,スペシャルメドレー ピンクレディー2000
51,2000,赤組,13,川中 美幸,なにわの女
51,2000,赤組,22,小林 幸子,泣かせ雨
51,2000,赤組,9,由紀さおり・安田祥子,赤とんぼ、どこかに帰ろう
51,2000,赤組,23,石川 さゆり,津軽海峡・冬景色
51,2000,赤組,6,安室 奈美恵,NEVER END
51,2000,赤組,24,和田 アキ子,もう一度ふたりで歌いたい
51,2000,赤組,5,天童 よしみ,道頓堀人情
51,2000,白組,1,藤井 隆,ナンダカンダ
51,2000,白組,1,ポルノグラフィティ,サウダージ
51,2000,白組,3,DA PUMP,if...
51,2000,白組,8,山川 豊,逢えてよかった
51,2000,白組,2,19,水・陸・そら、無限大
51,2000,白組,1,大泉 逸郎,孫
51,2000,白組,7,TOKIO,みんなでワーッハッハ!
51,2000,白組,9,山本 譲二,花も嵐も
51,2000,白組,12,さだ まさし,無縁坂
51,2000,白組,17,西城 秀樹,ブルースカイ ブルー
51,2000,白組,13,鳥羽 一郎,兄弟船
51,2000,白組,1,平井 堅,楽園
51,2000,白組,15,吉 幾三,津軽平野
51,2000,白組,15,加山 雄三,海 その愛
51,2000,白組,3,L'Arc〜en〜Ciel,STAY AWAY
51,2000,白組,2,野猿,Chicken guys
51,2000,白組,1,氷川 きよし,箱根八里の半次郎
51,2000,白組,17,美川 憲一,東京ホテル
51,2000,白組,17,布施 明,シクラメンのかほり
51,2000,白組,10,前川 清,長崎は今日も雨だった
51,2000,白組,1,アリス,アリス・ミレニアムスペシャル
51,2000,白組,33,森 進一,終列車
51,2000,白組,21,郷 ひろみ,なかったコトにして
51,2000,白組,1,錦織 健,荒城の月
51,2000,白組,26,細川 たかし,望郷じょんから
51,2000,白組,10,SMAP,らいおんハート
51,2000,白組,37,北島 三郎,帰ろかな
51,2000,白組,30,五木 ひろし,山河
52,2001,赤組,1,松浦 亜弥,LOVE涙色
52,2001,赤組,1,ZONE,secret base〜君がくれたもの〜
52,2001,赤組,3,原田 悠里,三年ぶりの人だから
52,2001,赤組,5,MAX,Feel so right
52,2001,赤組,10,藤 あや子,ふたりの絆
52,2001,赤組,23,八代 亜紀,これからがある
52,2001,赤組,5,Every Little Thing,fragile
52,2001,赤組,9,中村 美律子,港町情話
52,2001,赤組,10,香西 かおり,楽しい人が好き
52,2001,赤組,4,モーニング娘。,Mr.Moonlight〜愛こそがザ☆ピ〜ス!〜
52,2001,赤組,8,長山 洋子,遠野物語
52,2001,赤組,12,伍代 夏子,九十九坂
52,2001,赤組,2,小柳 ゆき,remain〜心の鍵
52,2001,赤組,3,浜崎 あゆみ,Dearest
52,2001,赤組,23,小林 幸子,夢の涯て〜子午線の夢〜
52,2001,赤組,3,Kiroro,Best Friend
52,2001,赤組,1,島津 亜矢,感謝状〜母へのメッセージ〜
52,2001,赤組,7,安室 奈美恵,Say the word
52,2001,赤組,15,松田 聖子,瑠璃色の地球2001
52,2001,赤組,14,坂本 冬美,凛として
52,2001,赤組,10,由紀さおり・安田祥子,花〜すべての人の心に花を〜
52,2001,赤組,3,キム・ヨンジャ,イムジン河
52,2001,赤組,14,森 昌子,せんせい、哀しみ本線日本海、越冬つばめ
52,2001,赤組,24,石川 さゆり,涙つづり
52,2001,赤組,14,川中 美幸,大河の流れ
52,2001,赤組,6,天童 よしみ,春が来た
52,2001,赤組,25,和田 アキ子,夢
52,2001,白組,1,えなり かずき,おいらに惚れちゃ怪我するぜ!
52,2001,白組,4,DA PUMP,CORAZON
52,2001,白組,9,山川 豊,泣かないで
52,2001,白組,2,河村 隆一,ジュリア
52,2001,白組,10,山本 譲二,しあわせの青い鳥
52,2001,白組,14,鳥羽 一郎,志摩半島
52,2001,白組,8,TOKIO,メッセージ
52,2001,白組,11,前川 清,大阪
52,2001,白組,27,細川 たかし,北の五番町
52,2001,白組,16,吉 幾三,出逢いの唄
52,2001,白組,18,西城 秀樹,Jasmine
52,2001,白組,18,布施 明,ア・カペラ
52,2001,白組,16,加山 雄三,旅人よ
52,2001,白組,1,ゴスペラーズ,ひとり
52,2001,白組,1,Gackt,ANOTHER WORLD
52,2001,白組,2,ウルフルズ ,初
52,2001,白組,2,,初
52,2001,白組,2,氷川 きよし,大井追っかけ音次郎
52,2001,白組,22,郷 ひろみ,この世界のどこかに
52,2001,白組,1,ザ・ドリフターズ,ドリフのほんとにほんとにご苦労さんスペシャル
52,2001,白組,34,森 進一,それは恋
52,2001,白組,1,CHEMISTRY,You Go Your Way
52,2001,白組,14,谷村 新司,陽はまた昇る
52,2001,白組,18,美川 憲一,恋女
52,2001,白組,13,堀内 孝雄,酒と泪と男と女
52,2001,白組,13,さだ まさし,きみを忘れない〜タイムカプセル〜
52,2001,白組,31,五木 ひろし,逢いたかったぜ
52,2001,白組,38,北島 三郎,山
53,2002,赤組,1,藤本 美貴,ロマンティック 浮かれモード
53,2002,赤組,1,BoA,VALENTI
53,2002,赤組,2,ZONE,夢ノカケラ…
53,2002,赤組,4,田川 寿美,女人高野
53,2002,赤組,11,藤 あや子,流氷恋唄
53,2002,赤組,2,松浦 亜弥,Yeah! めっちゃホリディ
53,2002,赤組,4,華原 朋美,あきらめましょう
53,2002,赤組,2,hitomi,SAMURAI DRIVE
53,2002,赤組,1,鈴木 慶江,私のおとうさん
53,2002,赤組,5,モーニング娘。,ここにいるぜぇ!そうだ! We're ALIVE 2002 Ver.
53,2002,赤組,9,長山 洋子,めぐり逢い
53,2002,赤組,3,小柳 ゆき,Lovin' you
53,2002,赤組,10,中村 美律子,河内おとこ節
53,2002,赤組,1,島谷 ひとみ,亜麻色の髪の乙女
53,2002,赤組,4,浜崎 あゆみ,Voyage
53,2002,赤組,1,夏川 りみ,涙そうそう
53,2002,赤組,6,Every Little Thing,UNSPEAKABLE
53,2002,赤組,15,川中 美幸,貴船の宿
53,2002,赤組,24,小林 幸子,雪泣夜
53,2002,赤組,7,中森 明菜,飾りじゃないのよ涙は
53,2002,赤組,8,安室 奈美恵,Wishing On The Same Star
53,2002,赤組,1,中島 美嘉,WILL
53,2002,赤組,1,中島 みゆき,地上の星
53,2002,赤組,11,香西 かおり,津軽じょんから節
53,2002,赤組,26,和田 アキ子,抱擁
53,2002,赤組,7,天童 よしみ,あんたの花道
53,2002,赤組,25,石川 さゆり,天城越え
53,2002,白組,1,w-inds.,NEW PARADISE
53,2002,白組,1,RAG FAIR,恋のマイレージ
53,2002,白組,1,キンモクセイ,二人のアカボシ
53,2002,白組,11,山本 譲二,おまえと生きる
53,2002,白組,14,堀内 孝雄,かくれんぼ
53,2002,白組,9,TOKIO,花唄
53,2002,白組,1,KICK THE CAN CREW,マルシェ
53,2002,白組,5,DA PUMP,RAIN OF PAIN
53,2002,白組,1,ジョン・健・ヌッツォ,マリア
53,2002,白組,2,Gackt,12月のLove song
53,2002,白組,15,鳥羽 一郎,海よ 海よ
53,2002,白組,1,BEGIN,島人ぬ宝
53,2002,白組,35,森 進一,運河
53,2002,白組,3,氷川 きよし,きよしのズンドコ節
53,2002,白組,2,ポルノグラフィティ,Mugen
53,2002,白組,2,ゴスペラーズ,星屑の街
53,2002,白組,2,THE BOOM,島唄
53,2002,白組,1,アルフレド・カセーロ&,2
53,2002,白組,12,前川 清,ひまわり
53,2002,白組,19,美川 憲一,湯沢の女
53,2002,白組,2,平井 堅,大きな古時計
53,2002,白組,2,CHEMISTRY,My Gift to You
53,2002,白組,11,SMAP,freebird '02〜夜空ノムコウ〜
53,2002,白組,15,谷村 新司,昴ーすばるー
53,2002,白組,28,細川 たかし,津軽山唄
53,2002,白組,14,さだ まさし,精霊流し
53,2002,白組,39,北島 三郎,帰ろかな
53,2002,白組,32,五木 ひろし,おふくろの子守歌
54,2003,赤組,2,BoA,DOUBLE
54,2003,赤組,1,後藤 真希,オリビアを聴きながら
54,2003,赤組,1,愛内 里菜,FULL JUMP
54,2003,赤組,10,長山 洋子,じょんから女節
54,2003,赤組,1,水森 かおり,鳥取砂丘
54,2003,赤組,12,香西 かおり,無言坂
54,2003,赤組,6,モーニング娘。,Go Girl〜恋のヴィクトリー〜
54,2003,赤組,3,松浦 亜弥,ね〜え?
54,2003,赤組,2,神野 美伽,浮雲ふたり
54,2003,赤組,2,石原 詢子,ふたり傘
54,2003,赤組,1,綾戸 智絵,テネシーワルツ
54,2003,赤組,5,華原 朋美,ありがとね!
54,2003,赤組,3,ZONE,secret base〜君がくれたもの〜
54,2003,赤組,1,女子十二楽坊,自由
54,2003,赤組,9,安室 奈美恵,SO CRAZY
54,2003,赤組,5,浜崎 あゆみ,No way to say
54,2003,赤組,1,一青 窈,もらい泣き
54,2003,赤組,2,aiko,えりあし
54,2003,赤組,7,Every Little Thing,また あした
54,2003,赤組,2,島谷 ひとみ,元気を出して
54,2003,赤組,25,小林 幸子,孔雀
54,2003,赤組,12,藤 あや子,曼珠沙華
54,2003,赤組,2,中島 美嘉,雪の華
54,2003,赤組,15,坂本 冬美,あばれ太鼓
54,2003,赤組,8,森山良子,2
54,2003,赤組,1,倉木 麻衣,Stay by my side
54,2003,赤組,27,和田 アキ子,古い日記2003 KOUHAKU Remix
54,2003,赤組,26,石川 さゆり,能登半島
54,2003,赤組,16,川中 美幸,おんなの一生〜汗の花〜
54,2003,赤組,8,天童 よしみ,美しい昔
54,2003,白組,2,w-inds.,Long Road
54,2003,白組,1,175R,空に唄えば
54,2003,白組,1,EXILE,Choo Choo TRAIN
54,2003,白組,12,山本 譲二,みちのくひとり旅
54,2003,白組,10,山川 豊,函館本線
54,2003,白組,13,前川 清,東京砂漠
54,2003,白組,3,Gackt,Last Song
54,2003,白組,19,布施 明,君は薔薇より美しい
54,2003,白組,16,鳥羽 一郎,兄弟船
54,2003,白組,15,堀内 孝雄,河
54,2003,白組,2,伊藤 多喜雄,TAKIOのソーラン節
54,2003,白組,16,谷村 新司,いい日旅立ち・西へ
54,2003,白組,15,さだ まさし,たいせつなひと
54,2003,白組,2,錦織 健,荒城の月
54,2003,白組,36,森 進一,狼たちの遠吠え
54,2003,白組,1,森山 直太朗,さくら(独唱)
54,2003,白組,1,ゆず,またあえる日まで、濃、夏色
54,2003,白組,10,TOKIO,AMBITIOUS JAPAN！
54,2003,白組,1,はなわ&,初
54,2003,白組,3,CHEMISTRY,YOUR NAME NEVER GONE
54,2003,白組,20,美川 憲一,さそり座の女2003
54,2003,白組,3,平井 堅,見上げてごらん夜の星を
54,2003,白組,3,ゴスペラーズ,新大阪
54,2003,白組,29,細川 たかし,浪花節だよ人生は
54,2003,白組,2,BEGIN,涙そうそう
54,2003,白組,2,長渕 剛,しあわせになろうよ
54,2003,白組,33,五木 ひろし,逢えて…横浜
54,2003,白組,40,北島 三郎,風雪ながれ旅
54,2003,白組,4,氷川 きよし,白雲の城
54,2003,白組,12,SMAP,世界に一つだけの花
55,2004,赤組,1,上戸 彩,愛のために。
55,2004,赤組,7,モーニング娘。&,初
55,2004,赤組,3,aiko,花風
55,2004,赤組,9,森山 良子,あなたが好きで
55,2004,赤組,2,水森 かおり,釧路湿原
55,2004,赤組,17,川中 美幸,おもろい女
55,2004,赤組,3,BoA,QUINCY
55,2004,赤組,2,後藤真希&,4
55,2004,赤組,8,Every Little Thing,恋文
55,2004,赤組,3,島谷 ひとみ,ANGELUS -アンジェラス-
55,2004,赤組,11,中村 美律子,河内おとこ節
55,2004,赤組,35,島倉 千代子,人生いろいろ
55,2004,赤組,3,夏川 りみ,涙そうそう
55,2004,赤組,1,平原 綾香,Jupiter
55,2004,赤組,1,大塚 愛,さくらんぼ
55,2004,赤組,1,イ・ジョンヒョン(韓国),Heaven 2004
55,2004,赤組,9,DREAMS COME TRUE,やさしいキスをして
55,2004,赤組,6,浜崎 あゆみ,Moments
55,2004,赤組,13,藤 あや子,雪荒野
55,2004,赤組,11,長山 洋子,じょんから女節
55,2004,赤組,2,一青 窈,ハナミズキ
55,2004,赤組,28,和田 アキ子,あの鐘を鳴らすのはあなた
55,2004,赤組,3,中島 美嘉,朧月夜〜祈り
55,2004,赤組,2,倉木 麻衣,明日へ架ける橋
55,2004,赤組,16,坂本 冬美,播磨の渡り鳥
55,2004,赤組,27,石川 さゆり,一葉恋歌
55,2004,赤組,9,天童 よしみ,男の夜明け
55,2004,赤組,26,小林 幸子,雪椿
55,2004,白組,11,TOKIO,自分のために
55,2004,白組,3,w-inds.,四季
55,2004,白組,1,河口 恭吾,桜
55,2004,白組,2,ジョン・健・ヌッツォ,「新選組!」メイン・テーマ
55,2004,白組,13,山本 譲二,ふるさとのはなしをしよう
55,2004,白組,16,堀内 孝雄,カラスの女房
55,2004,白組,2,EXILE,Carry On
55,2004,白組,1,nobodyknows+,ココロオドル
55,2004,白組,21,美川 憲一,納沙布みれん
55,2004,白組,1,ORANGE RANGE,ロコローション
55,2004,白組,1,氣志團,One Night Carnival
55,2004,白組,20,布施 明,MY WAY
55,2004,白組,14,前川 清,そして神戸
55,2004,白組,3,ポルノグラフィティ,黄昏ロマンス
55,2004,白組,4,CHEMISTRY,白の吐息
55,2004,白組,1,Ryu(韓国),最初から今まで
55,2004,白組,4,Gackt,君に逢いたくて
55,2004,白組,4,ゴスペラーズ,ミモザ
55,2004,白組,17,鳥羽 一郎,大阪湾
55,2004,白組,30,細川 たかし,下北漁歌
55,2004,白組,1,松平 健,マツケンサンバII
55,2004,白組,2,ゆず,栄光の架橋
55,2004,白組,16,さだ まさし,遙かなるクリスマス 紅白歌合戦バージョン
55,2004,白組,37,森 進一,さらば青春の影よ
55,2004,白組,41,北島 三郎,峠
55,2004,白組,5,氷川 きよし,番場の忠太郎
55,2004,白組,4,平井 堅,瞳をとじて
55,2004,白組,34,五木 ひろし,雪燃えて
56,2005,赤組,18,川中 美幸,二輪草
56,2005,赤組,3,鈴木 亜美,Delightful
56,2005,赤組,3,水森 かおり,五能線
56,2005,赤組,17,坂本 冬美,ふたりの大漁節
56,2005,赤組,1,DEF.DIVA,8
56,2005,赤組,4,BoA,抱きしめる
56,2005,赤組,12,長山 洋子,芭蕉布
56,2005,赤組,14,藤 あや子,むらさき雨情
56,2005,赤組,3,倉木 麻衣,"Love, Day After Tomorrow"
56,2005,赤組,4,島谷 ひとみ,亜麻色の髪の乙女
56,2005,赤組,2,平原 綾香,明日
56,2005,赤組,13,香西 かおり,無言坂
56,2005,赤組,1,伊藤 由奈,ENDLESS STORY
56,2005,赤組,2,大塚 愛,プラネタリウム
56,2005,赤組,10,森山 良子,さとうきび畑
56,2005,赤組,1,倖田 來未,倖田來未 スペシャルバージョン
56,2005,赤組,7,浜崎 あゆみ,fairyland
56,2005,赤組,1,ゴリエ,Pecori♥Night
56,2005,赤組,27,小林 幸子,越後絶唱
56,2005,赤組,3,一青 窈,ハナミズキ
56,2005,赤組,4,aiko,スター
56,2005,赤組,28,石川 さゆり,天城越え
56,2005,赤組,1,AI,Story
56,2005,赤組,4,夏川 りみ,涙そうそう
56,2005,赤組,1,松任谷由実 with Friends Of Love The Earth,Smile again
56,2005,赤組,10,DREAMS COME TRUE,何度でも〜紅白スペシャルバージョン〜
56,2005,赤組,1,渡辺 美里,My Revolution
56,2005,赤組,4,中島 美嘉,雪の華
56,2005,赤組,10,天童 よしみ,川の流れのように
56,2005,白組,31,細川 たかし,北酒場
56,2005,白組,1,北山 たけし,男の出船
56,2005,白組,4,w-inds.,十六夜の月
56,2005,白組,21,布施 明,少年よ
56,2005,白組,1,コブクロ,桜
56,2005,白組,2,氣志團,One Night Carnival
56,2005,白組,5,ゴスペラーズ,ひとり
56,2005,白組,2,森山 直太朗,風花
56,2005,白組,22,美川 憲一,愛の讃歌
56,2005,白組,15,前川 清,夜霧よ今夜も有難う
56,2005,白組,18,鳥羽一郎・,11
56,2005,白組,1,スキマスイッチ,全力少年
56,2005,白組,12,TOKIO,明日を目指して!
56,2005,白組,5,CHEMISTRY,almost in love
56,2005,白組,17,さだ まさし,広島の空
56,2005,白組,1,D-51,NO MORE CRY
56,2005,白組,6,氷川 きよし,面影の都
56,2005,白組,1,WaT,僕のキモチ
56,2005,白組,3,T.M.Revolution,WHITE BREATH
56,2005,白組,1,グループ魂,君にジュースを買ってあげる♥
56,2005,白組,1,山崎 まさよし,"One more time, One more chance"
56,2005,白組,4,ポルノグラフィティ,ジョバイロ
56,2005,白組,38,森 進一,おふくろさん
56,2005,白組,2,アリス,アリス プレミアム 2005
56,2005,白組,1,Def Tech,My Way
56,2005,白組,35,五木 ひろし,ふりむけば日本海
56,2005,白組,1,m-flo&,29
56,2005,白組,42,北島 三郎,風雪ながれ旅
56,2005,白組,13,SMAP,Triangle
57,2006,赤組,1,mihimaru GT,気分上々↑↑
57,2006,赤組,5,BoA,七色の明日 〜brand new beat〜
57,2006,赤組,13,長山 洋子,絆
57,2006,赤組,18,坂本 冬美,祝い酒
57,2006,赤組,1,GAM&,9
57,2006,赤組,15,藤 あや子,雪 深深
57,2006,赤組,13,伍代 夏子,金木犀
57,2006,赤組,3,平原 綾香,誓い
57,2006,赤組,3,大塚 愛,恋愛写真
57,2006,赤組,14,香西 かおり,最北航路
57,2006,赤組,5,夏川 りみ,花(すべての人の心に花を)
57,2006,赤組,15,森 昌子,バラ色の未来
57,2006,赤組,1,BONNIE PINK,A Perfect Sky
57,2006,赤組,29,石川 さゆり,夫婦善哉
57,2006,赤組,1,絢香,三日月
57,2006,赤組,8,浜崎 あゆみ,JEWEL
57,2006,赤組,5,中島 美嘉,一色
57,2006,赤組,5,aiko,瞳
57,2006,赤組,28,小林 幸子,大江戸喧嘩花
57,2006,赤組,1,アンジェラ・アキ,HOME
57,2006,赤組,4,水森 かおり,熊野古道
57,2006,赤組,1,今井 美樹,PRIDE
57,2006,赤組,30,和田 アキ子,Mother
57,2006,赤組,11,天童 よしみ,いのちの限り
57,2006,赤組,2,倖田 來未,夢のうた
57,2006,赤組,11,DREAMS COME TRUE,何度でもLOVE LOVE LOVE 2006
57,2006,赤組,19,川中 美幸,ふたり酒
57,2006,白組,5,w-inds.,ブギウギ66
57,2006,白組,19,鳥羽 一郎,兄弟船
57,2006,白組,1,SEAMO,マタアイマショウ 紅白ミックス
57,2006,白組,2,北山 たけし,男の拳
57,2006,白組,1,Aqua Timez,決意の朝に
57,2006,白組,32,細川 たかし,浪花節だよ人生は
57,2006,白組,1,スガ シカオ,Progress
57,2006,白組,17,堀内 孝雄,愛しき日々
57,2006,白組,23,美川 憲一,さそり座の女2006
57,2006,白組,2,ORANGE RANGE,チャンピオーネ
57,2006,白組,22,布施 明,イマジン
57,2006,白組,16,前川 清,長崎は今日も雨だった
57,2006,白組,6,ゴスペラーズ,ふるさと
57,2006,白組,39,森 進一,おふくろさん
57,2006,白組,2,WaT,5センチ。
57,2006,白組,2,スキマスイッチ,ボクノート
57,2006,白組,13,TOKIO,宙船(そらふね)
57,2006,白組,5,ポルノグラフィティ,ハネウマライダー
57,2006,白組,1,DJ OZMA,アゲ♂アゲ♂EVERY☆騎士
57,2006,白組,18,さだ まさし,案山子
57,2006,白組,7,氷川 きよし,一剣
57,2006,白組,1,德永英明,壊れかけのRadio
57,2006,白組,1,秋川 雅史,千の風になって
57,2006,白組,2,コブクロ,風
57,2006,白組,36,五木 ひろし,高瀬舟
57,2006,白組,14,SMAP,ありがとう
57,2006,白組,43,北島 三郎,まつり
58,2007,赤組,10,モーニング娘。他&,初
58,2007,赤組,20,川中 美幸,金沢の雨
58,2007,赤組,12,中村 美律子,だんじり
58,2007,赤組,14,長山 洋子,じょんから女節
58,2007,赤組,2,mihimaru GT,俄然Yeah!
58,2007,赤組,2,アンジェラ・アキ,サクラ色
58,2007,赤組,15,香西 かおり,無言坂
58,2007,赤組,5,水森 かおり,ひとり薩摩路
58,2007,赤組,1,AKB48&,初
58,2007,赤組,2,絢香,Peace loving people 〜スペシャル・ピアノ・バージョン〜
58,2007,赤組,14,伍代 夏子,舟
58,2007,赤組,2,あみん,待つわ'07
58,2007,赤組,4,平原 綾香,Jupiter
58,2007,赤組,6,BoA,BoAウィンター・バラード・スペシャル
58,2007,赤組,19,坂本 冬美,夜桜お七〜大晦日スペシャル〜
58,2007,赤組,29,小林 幸子,恋桜
58,2007,赤組,4,大塚 愛,CHU-LIP
58,2007,赤組,9,浜崎 あゆみ,Together When…
58,2007,赤組,6,aiko,シアワセ
58,2007,赤組,3,倖田 來未,愛のうた
58,2007,赤組,1,中村 中,友達の詩
58,2007,赤組,12,天童 よしみ,珍島物語 〜絆〜
58,2007,赤組,6,中島 美嘉,LIFE
58,2007,赤組,4,一青 窈,ハナミズキ
58,2007,赤組,12,DREAMS COME TRUE,ア・イ・シ・テ・ルのサイン〜わたしたちの未来予想図〜紅白ヴァージョン
58,2007,赤組,31,和田 アキ子,あの鐘を鳴らすのはあなた
58,2007,赤組,30,石川 さゆり,津軽海峡・冬景色
58,2007,白組,24,美川 憲一,さそり座の女2007
58,2007,白組,20,鳥羽 一郎,兄弟船
58,2007,白組,6,w-inds.,Beautiful Life
58,2007,白組,3,北山 たけし,男鹿半島
58,2007,白組,3,EXILE,Lovers Again 〜紅白バージョン〜
58,2007,白組,3,WaT,WaT紅白セレクション
58,2007,白組,23,布施 明,君は薔薇より美しい
58,2007,白組,17,前川 清,そして、神戸
58,2007,白組,5,米米CLUB,愛君浪漫
58,2007,白組,6,ポルノグラフィティ,リンク
58,2007,白組,3,スキマスイッチ,奏(かなで)
58,2007,白組,1,すぎもと まさと,吾亦紅
58,2007,白組,2,寺尾 聰,ルビーの指環
58,2007,白組,1,馬場 俊英,スタートライン〜新しい風
58,2007,白組,19,さだ まさし,Birthday
58,2007,白組,5,Gackt,RETURNER 〜闇の終焉〜消え逝く武士たちへの鎮魂歌〜
58,2007,白組,14,TOKIO,青春 SEISYuN
58,2007,白組,2,槇原 敬之,GREEN DAYS
58,2007,白組,8,氷川 きよし,きよしのソーラン節 YOSAKOIソーラン紅白スペシャル
58,2007,白組,2,德永英明,恋におちて -Fall in Love-
58,2007,白組,5,平井 堅,哀歌
58,2007,白組,44,北島 三郎,帰ろかな
58,2007,白組,3,コブクロ,蕾
58,2007,白組,2,秋川 雅史,千の風になって
58,2007,白組,15,SMAP,弾丸ファイター 紅白SP
58,2007,白組,40,森 進一,北の螢
58,2007,白組,37,五木 ひろし,契り
59,2008,赤組,10,浜崎 あゆみ,Mirrorcle World
59,2008,赤組,1,GIRL NEXT DOOR,偶然の確率
59,2008,赤組,15,伍代 夏子,京都二年坂
59,2008,赤組,1,藤岡藤巻と大橋のぞみ,崖の上のポニョ
59,2008,赤組,6,水森 かおり,輪島朝市
59,2008,赤組,1,秋元 順子,愛のままで…
59,2008,赤組,1,いきものがかり,SAKURA
59,2008,赤組,21,川中 美幸,二輪草
59,2008,赤組,16,藤 あや子,紅い糸
59,2008,赤組,13,中村 美律子,河内おとこ節
59,2008,赤組,5,大塚 愛,愛
59,2008,赤組,20,坂本 冬美,風に立つ
59,2008,赤組,1,Perfume,ポリリズム
59,2008,赤組,4,SPEED,White Love(ReTrack)
59,2008,赤組,1,青山 テルマ feat. SoulJa,そばにいるね
59,2008,赤組,3,絢香,おかえり
59,2008,赤組,4,倖田 來未,TABOO
59,2008,赤組,3,アンジェラ・アキ,手紙 〜拝啓 十五の君へ〜
59,2008,赤組,7,aiko,KissHug
59,2008,赤組,5,平原 綾香,ノクターン
59,2008,赤組,30,小林 幸子,楼蘭
59,2008,赤組,5,一青 窈,はじめて
59,2008,赤組,7,中島 美嘉,ORION
59,2008,赤組,31,石川 さゆり,天城越え
59,2008,赤組,13,天童 よしみ,道頓堀人情
59,2008,赤組,32,和田 アキ子,夢
59,2008,白組,24,布施 明,君は薔薇より美しい
59,2008,白組,25,美川 憲一,さそり座の女 2008
59,2008,白組,4,北山 たけし,希望の詩
59,2008,白組,1,東方神起,Purple Line〜どうして君を好きになってしまったんだろう?
59,2008,白組,2,Aqua Timez,虹
59,2008,白組,1,木山 裕策,home
59,2008,白組,1,キマグレン,LIFE
59,2008,白組,18,前川 清,東京砂漠
59,2008,白組,4,WaT,36℃
59,2008,白組,7,ポルノグラフィティ,ギフト
59,2008,白組,6,平井 堅,いつか離れる日が来ても
59,2008,白組,3,秋川 雅史,千の風になって
59,2008,白組,1,ジェロ,海雪
59,2008,白組,15,TOKIO,雨傘
59,2008,白組,1,水谷 豊,カリフォルニア・コネクション
59,2008,白組,3,德永英明,レイニー ブルー
59,2008,白組,38,五木 ひろし,凍て鶴
59,2008,白組,3,森山 直太朗,生きてることが辛いなら
59,2008,白組,1,羞恥心with,初
59,2008,白組,4,コブクロ,時の足音
59,2008,白組,4,EXILE,Ti Amo
59,2008,白組,45,北島 三郎,北の漁場
59,2008,白組,1,Mr. Children,GIFT
59,2008,白組,16,SMAP,この瞬間、きっと夢じゃない 紅白SP
59,2008,白組,41,森 進一,おふくろさん
59,2008,白組,9,氷川 きよし,きよしのズンドコ節
60,2009,赤組,11,浜崎 あゆみ,Rule
60,2009,赤組,2,AKB48,RIVERサプライズ! 紅白Remix
60,2009,赤組,2,いきものがかり,YELL
60,2009,赤組,16,伍代 夏子,忍ぶ雨
60,2009,赤組,2,GIRL NEXT DOOR,Infinity
60,2009,赤組,1,水樹 奈々,深愛
60,2009,赤組,14,中村 美律子,河内おとこ節
60,2009,赤組,14,天童 よしみ,花筏 -Hanaikada-
60,2009,赤組,21,坂本 冬美,また君に恋してる
60,2009,赤組,6,大塚 愛,Is
60,2009,赤組,22,川中 美幸,ふたり酒
60,2009,赤組,8,aiko,あの子の夢
60,2009,赤組,6,平原 綾香,ミオ・アモーレ
60,2009,赤組,2,秋元 順子,愛のままで…
60,2009,赤組,2,Perfume,ワンルーム・ディスコ
60,2009,赤組,7,水森 かおり,安芸の宮島
60,2009,赤組,1,木村 カエラ,Butterfly
60,2009,赤組,8,中島 美嘉,流れ星
60,2009,赤組,4,アンジェラ・アキ,手紙 〜拝啓 十五の君へ〜
60,2009,赤組,31,小林 幸子,万葉恋歌 あぁ、君待つと
60,2009,赤組,5,倖田 來未,2009紅白KODA SPECIAL
60,2009,赤組,33,和田 アキ子,もう一度ふたりで歌いたい
60,2009,赤組,32,石川 さゆり,津軽海峡・冬景色
60,2009,赤組,4,絢香,みんな空の下
60,2009,赤組,13,DREAMS COME TRUE,その先へ 〜紅白スペシャルヴァージョン〜
60,2009,白組,5,EXILE,Someday
60,2009,白組,1,flumpool,星に願いを
60,2009,白組,1,NYC boys,紅白60回記念NYCスペシャル
60,2009,白組,5,北山 たけし,剣山
60,2009,白組,2,ジェロ,海雪
60,2009,白組,1,FUNKY MONKEY BABYS,ヒーロー
60,2009,白組,8,ポルノグラフィティ,アニマロッサ
60,2009,白組,26,美川 憲一,さそり座の女 2009
60,2009,白組,33,細川 たかし,望郷じょんから
60,2009,白組,1,レミオロメン,粉雪
60,2009,白組,42,森 進一,花と蝶
60,2009,白組,1,遊助,ひまわり
60,2009,白組,4,德永英明,壊れかけのRadio
60,2009,白組,16,TOKIO,太陽と砂漠のバラ
60,2009,白組,2,東方神起,Stand by U
60,2009,白組,39,五木 ひろし,凍て鶴
60,2009,白組,3,アリス,チャンピオン
60,2009,白組,3,ゆず,逢いたい
60,2009,白組,25,布施 明,MY WAY
60,2009,白組,2,福山 雅治,はつ恋
60,2009,白組,1,嵐,嵐×紅白スペシャルメドレー
60,2009,白組,5,コブクロ,STAY
60,2009,白組,10,氷川 きよし,ときめきのルンバ
60,2009,白組,17,SMAP,そっと きゅっと〜世界に一つだけの花
60,2009,白組,46,北島 三郎,まつり
61,2010,赤組,12,浜崎 あゆみ,Virgin Road
61,2010,赤組,3,AKB48,紅白2010 AKB48神曲SP
61,2010,赤組,5,アンジェラ・アキ,輝く人
61,2010,赤組,15,中村美律子,河内おとこ節
61,2010,赤組,7,平原綾香,Voyagers
61,2010,赤組,17,伍代夏子,ひとり酒
61,2010,赤組,1,西野カナ,Best Friend
61,2010,赤組,23,川中美幸,二輪草
61,2010,赤組,1,クミコ,INORI〜祈り〜
61,2010,赤組,8,水森かおり,松島紀行
61,2010,赤組,2,水樹奈々,PHANTOM MINDS
61,2010,赤組,15,天童よしみ,人生みちづれ
61,2010,赤組,9,aiko,向かいあわせ
61,2010,赤組,3,Perfume,ねぇ
61,2010,赤組,6,倖田來未,KODA KUMI 2010 Special Medley
61,2010,赤組,34,和田アキ子,AKKOイイッ!紅白2010スペシャル
61,2010,赤組,32,小林幸子,母ちゃんのひとり言
61,2010,赤組,1,植村花菜,トイレの神様
61,2010,赤組,3,いきものがかり,ありがとう
61,2010,赤組,33,石川さゆり,天城越え
61,2010,赤組,22,坂本冬美,また君に恋してる
61,2010,赤組,14,DREAMS COME TRUE,生きてゆくのです♡feat. ザ紅白スペシャルブラスバンド
61,2010,白組,6,EXILE,I Wish For You
61,2010,白組,2,NYC,よく遊びよく学べ100%NYC
61,2010,白組,1,AAA,逢いたい理由
61,2010,白組,2,flumpool,君に届け
61,2010,白組,2,遊助,ひと
61,2010,白組,34,細川たかし,浪花節だよ人生は
61,2010,白組,9,ポルノグラフィティ,君は100%
61,2010,白組,2,FUNKY MONKEY BABYS,あとひとつ
61,2010,白組,1,HY,時をこえ
61,2010,白組,5,德永英明,時の流れに身をまかせ
61,2010,白組,4,L'Arc〜en〜Ciel,BLESS
61,2010,白組,43,森 進一,襟裳岬
61,2010,白組,23,郷ひろみ,GO!GO!イヤー紅白スペシャルメドレー
61,2010,白組,17,TOKIO,advance
61,2010,白組,40,五木ひろし,おしろい花
61,2010,白組,17,加山雄三,若大将50年! スペシャルメドレー
61,2010,白組,3,福山雅治,道標
61,2010,白組,6,コブクロ,流星
61,2010,白組,2,嵐,2010紅白オリジナルメドレー
61,2010,白組,47,北島三郎,風雪ながれ旅
61,2010,白組,11,氷川きよし,虹色のバイヨン
61,2010,白組,18,SMAP,This is love '10 SPメドレー
62,2011,赤組,13,浜崎あゆみ,progress
62,2011,赤組,6,アンジェラ・アキ,One Family
62,2011,赤組,4,ＡＫＢ４８,紅白2011 AKB48スペシャルMIX　～がんばろう日本！～
62,2011,赤組,1,芦田愛菜,マル・マル・モリ・モリ！
62,2011,赤組,2,西野カナ,たとえ どんなに…
62,2011,赤組,24,川中美幸,二輪草
62,2011,赤組,17,藤あや子,あや子のお国自慢だよ　～がんばろな東北！！紅白スペシャル～
62,2011,赤組,3,水樹奈々,POP MASTER
62,2011,赤組,18,伍代夏子,金木犀
62,2011,赤組,9,水森かおり,庄内平野 風の中
62,2011,赤組,1,椎名林檎,カーネーション　‐紅組なら誰でも
62,2011,赤組,6,夏川りみ,あすという日が
62,2011,赤組,1,ＫＡＲＡ,KARA 2011スペシャルメドレー
62,2011,赤組,4,Perfume,レーザービーム
62,2011,赤組,1,少女時代,GENIE
62,2011,赤組,10,aiko,恋のスーパーボール
62,2011,赤組,7,倖田來未,愛を止めないで
62,2011,赤組,8,平原綾香,おひさま～大切なあなたへ
62,2011,赤組,33,小林幸子,おんなの酒場
62,2011,赤組,5,絢香,みんな空の下
62,2011,赤組,35,和田アキ子,あの鐘を鳴らすのはあなた
62,2011,赤組,4,いきものがかり,歩いていこう
62,2011,赤組,16,松田聖子,初
62,2011,赤組,23,坂本冬美,夜桜お七
62,2011,赤組,2,松任谷由実,（みんなの）春よ、来い
62,2011,赤組,16,天童よしみ,愛燦燦
62,2011,赤組,34,石川さゆり,津軽海峡・冬景色
62,2011,白組,3,NYC,100％勇気NYC
62,2011,白組,3,flumpool,証
62,2011,白組,1,鈴木 福,マル・マル・モリ・モリ！
62,2011,白組,3,FUNKY MONKEY BABYS,それでも信じてる
62,2011,白組,2,ＡＡＡ,CALL
62,2011,白組,7,平井 堅,いとしき日々よ
62,2011,白組,35,細川たかし,ねぶた
62,2011,白組,10,ポルノグラフィティ,ワンモアタイム
62,2011,白組,1,猪苗代湖ズ,I love you & I need you ふくしま
62,2011,白組,5,ラルク アン シエル,CHASE
62,2011,白組,44,森 進一,港町ブルース
62,2011,白組,4,秋川雅史,あすという日が
62,2011,白組,6,德永英明,時代
62,2011,白組,18,ＴＯＫＩＯ,見上げた流星
62,2011,白組,24,郷ひろみ,Go Smile Japan!!
62,2011,白組,4,ゆず,Hey和
62,2011,白組,3,東方神起,Why?(Keep Your Head Down)
62,2011,白組,16,千 昌夫,北国の春
62,2011,白組,4,西田敏行,あの街に生まれて
62,2011,白組,3,長渕 剛,ひとつ
62,2011,白組,3,嵐,2011紅白スペシャルメドレー
62,2011,白組,41,五木ひろし,ふるさと
62,2011,白組,12,氷川きよし,情熱のマリアッチ
62,2011,白組,4,福山雅治,家族になろうよ
62,2011,白組,7,EXILE,Rising Sun
62,2011,白組,48,北島三郎,帰ろかな
62,2011,白組,19,ＳＭＡＰ,SMAP AID 紅白SP
63,2012,赤組,14,浜崎あゆみ,2012 A SPECIALメドレー
63,2012,赤組,1,SKE48,パレオはエメラルド
63,2012,赤組,9,中島美嘉,初恋
63,2012,赤組,4,水樹奈々,BRIGHT STREAM
63,2012,赤組,18,藤あや子,わすれない
63,2012,赤組,10,水森かおり,ひとり長良川
63,2012,赤組,8,倖田來未,Go to the top
63,2012,赤組,16,香西かおり,酒のやど
63,2012,赤組,3,西野カナ,GO FOR IT!!
63,2012,赤組,19,伍代夏子,恋ざんげ
63,2012,赤組,6,絢香,はじまりのとき
63,2012,赤組,1,ももいろクローバーZ,ももいろ紅白だＺ!!
63,2012,赤組,5,Perfume,Spring of Life
63,2012,赤組,5,AKB48,AKB48 紅白2012 SP 〜第2章〜
63,2012,赤組,11,aiko,くちびる
63,2012,赤組,1,きゃりーぱみゅぱみゅ,紅白2012きゃりーぱみゅぱみゅメドレー
63,2012,赤組,13,由紀さおり,夜明けのスキャット
63,2012,赤組,17,天童よしみ,ソーラン祭り節
63,2012,赤組,1,YUI,Good-bye days
63,2012,赤組,24,坂本冬美,夜桜お七
63,2012,赤組,36,和田アキ子,愛、とどきますか
63,2012,赤組,1,YUKI,プリズム
63,2012,赤組,1,プリンセス プリンセス,Diamonds
63,2012,赤組,35,石川さゆり,天城越え
63,2012,赤組,5,いきものがかり,風が吹いている
63,2012,白組,4,NYC,NYC紅白メドレー
63,2012,白組,1,ゴールデンボンバー,女々しくて
63,2012,白組,3,AAA,777 〜We can sing a song!〜
63,2012,白組,1,三代目 J Soul Brothers,花火
63,2012,白組,4,FUNKY MONKEY BABYS,サヨナラじゃない
63,2012,白組,2,HY,いちばん近くに
63,2012,白組,1,ナオト・インティライミ,Brave
63,2012,白組,36,細川たかし,浪花節だよ人生は
63,2012,白組,11,ポルノグラフィティ,カゲボウシ
63,2012,白組,2,舘ひろし,嵐を呼ぶ男
63,2012,白組,45,森進一,冬のリヴィエラ
63,2012,白組,1,関ジャニ∞,初紅白!! 全力前進ジャジャジャジャーン!!!
63,2012,白組,19,TOKIO,KIBOU
63,2012,白組,7,コブクロ,紙飛行機
63,2012,白組,25,郷ひろみ,デンジャラー☆
63,2012,白組,42,五木ひろし,夜明けのブルース
63,2012,白組,7,德永英明,上を向いて歩こう
63,2012,白組,1,斉藤和義,やさしくなりたい
63,2012,白組,13,氷川きよし,櫻
63,2012,白組,4,嵐,New Year's Eve Medley 2012
63,2012,白組,1,美輪明宏,ヨイトマケの唄
63,2012,白組,8,EXILE,Rising Sun
63,2012,白組,5,福山雅治,Beautiful life
63,2012,白組,49,北島三郎,風雪ながれ旅
63,2012,白組,20,SMAP,ＳＭＡＰ ２０１２' ＳＰ
64,2013,赤組,15,浜崎あゆみ,INSPIRE
64,2013,赤組,1,ＮＭＢ４８,カモネギックス
64,2013,赤組,17,香西かおり,酒のやど
64,2013,赤組,1,E-girls,E-girls 紅白スペシャルメドレー2013
64,2013,赤組,20,伍代夏子,金木犀
64,2013,赤組,4,ＡＡＡ,恋音と雨空
64,2013,赤組,19,藤あや子,紅い糸
64,2013,赤組,1,ｍｉｗａ,ヒカリヘ
64,2013,赤組,18,天童よしみ,ふるさと銀河
64,2013,赤組,5,水樹奈々,-革命2013- 紅白スペシャルコラボレーション
64,2013,赤組,2,ＳＫＥ４８,賛成カワイイ！
64,2013,赤組,25,坂本冬美,男の火祭り
64,2013,赤組,2,ももいろクローバーＺ,ももいろ紅白2013だZ!!
64,2013,赤組,12,aiko,Loveletter
64,2013,赤組,4,西野カナ,さよなら
64,2013,赤組,37,和田アキ子,今でもあなた
64,2013,赤組,15,DREAMS COME TRUE,さぁ鐘を鳴らせ
64,2013,赤組,2,きゃりーぱみゅぱみゅ,紅白2013きゃりーぱみゅぱみゅメドレー
64,2013,赤組,6,Perfume,Magic of Love
64,2013,赤組,11,水森かおり,伊勢めぐり
64,2013,赤組,36,石川さゆり,津軽海峡・冬景色
64,2013,赤組,6,ＡＫＢ４８,紅白2013SP～AKB48フェスティバル！～
64,2013,赤組,6,いきものがかり,笑顔
64,2013,赤組,17,松田聖子,New Year's Eve Special Love Song Medley 2013
64,2013,赤組,2,髙橋真梨子,for you...
64,2013,白組,1,Ｓｅｘｙ Ｚｏｎｅ,Sexy平和Zone組曲
64,2013,白組,37,細川たかし,浪花節だよ人生は 2013
64,2013,白組,8,德永英明,夢を信じて
64,2013,白組,26,郷ひろみ,Bang Bang
64,2013,白組,2,三代目 J Soul Brothers,冬物語
64,2013,白組,1,福田こうへい,南部蝉しぐれ
64,2013,白組,1,サカナクション,ミュージック
64,2013,白組,12,ポルノグラフィティ,青春花道
64,2013,白組,1,Linked Horizon,紅蓮の弓矢 [紅白スペシャルVer.]
64,2013,白組,4,T.M.Revolution,-革命2013- 紅白スペシャルコラボレーション
64,2013,白組,46,森進一,襟裳岬
64,2013,白組,8,コブクロ,今、咲き誇る花たちよ
64,2013,白組,9,EXILE,EXILE PRIDE ～こんな世界を愛するため～
64,2013,白組,2,ゴールデンボンバー,女々しくて
64,2013,白組,14,氷川きよし,満天の瞳
64,2013,白組,20,ＴＯＫＩＯ,AMBITIOUS JAPAN！
64,2013,白組,2,関ジャニ∞,紅白２度目！　 呼ばれて飛び出てじぇじぇじぇじぇ！！
64,2013,白組,43,五木ひろし,博多ア・ラ・モード
64,2013,白組,5,ゆず,雨のち晴レルヤ
64,2013,白組,2,美輪明宏,ふるさとの空の下に
64,2013,白組,6,福山雅治,2013スペシャルメドレー
64,2013,白組,1,泉谷しげる,春夏秋冬2014
64,2013,白組,5,嵐,New Year's Eve Medley 2013
64,2013,白組,1,クリス・ハート,New Year's Eve Special Love Song Medley 2013
64,2013,白組,21,ＳＭＡＰ,Joymap!!
64,2013,白組,50,北島三郎,まつり
65,2014,赤組,1,ＨＫＴ４８,メロンジュース
65,2014,赤組,2,E-girls,Highschool ♡ love
65,2014,赤組,2,ｍｉｗａ,Faith
65,2014,赤組,3,ＳＫＥ４８,不器用太陽
65,2014,赤組,2,ＮＭＢ４８,イビサガール
65,2014,赤組,20,藤あや子,あや子のお国自慢だよ～がんばろな東北！！～
65,2014,赤組,6,水樹奈々,紅白2014スペシャルコラボレーション
65,2014,赤組,21,伍代夏子,ひとり酒
65,2014,赤組,5,西野カナ,Darling
65,2014,赤組,18,香西かおり,酒のやど
65,2014,赤組,19,天童よしみ,やっぱ好きやねん
65,2014,赤組,26,坂本冬美,男の火祭り
65,2014,赤組,38,和田アキ子,古い日記～2014紅白スペシャル～
65,2014,赤組,7,絢香,にじいろ
65,2014,赤組,1,Ｍａｙ Ｊ．,Let It Go～ありのままで～
65,2014,赤組,7,Perfume,Cling Cling
65,2014,赤組,3,ももいろクローバーＺ,My Dear Fellow with Mononofu JAPAN
65,2014,赤組,12,水森かおり,島根恋旅
65,2014,赤組,7,いきものがかり,GOLDEN GIRL
65,2014,赤組,3,きゃりーぱみゅぱみゅ,きらきらキラー
65,2014,赤組,2,神田沙也加,生まれてはじめて
65,2014,赤組,2,椎名林檎,ＮＩＰＰＯＮ －紅白ボーダレス篇－
65,2014,赤組,1,薬師丸ひろ子,"Woman""Wの悲劇""より"
65,2014,赤組,37,石川さゆり,天城越え
65,2014,赤組,7,ＡＫＢ４８,心のプラカード
65,2014,赤組,2,中島みゆき,麦の唄
65,2014,赤組,18,松田聖子,あなたに逢いたくて～Missing You～
65,2014,白組,2,Ｓｅｘｙ Ｚｏｎｅ,紅白にＨＩＴＯＭＥＢＯＲＥ
65,2014,白組,5,ＡＡＡ,さよならの前に
65,2014,白組,2,福田こうへい,東京五輪音頭
65,2014,白組,27,郷ひろみ,９９は終わらない
65,2014,白組,13,ポルノグラフィティ,アポロ
65,2014,白組,5,T.M.Revolution,紅白2014スペシャルコラボレーション
65,2014,白組,2,クリス・ハート,糸
65,2014,白組,3,三代目 J Soul Brothers,R.Y.U.S.E.I.
65,2014,白組,38,細川たかし,応援歌、いきます
65,2014,白組,9,德永英明,花は咲く
65,2014,白組,47,森進一,年上の女（ひと）
65,2014,白組,1,Ｖ６,ＷＡになっておどろう
65,2014,白組,1,SEKAI NO OWARI,Dragon Night
65,2014,白組,3,ゴールデンボンバー,女々しくて
65,2014,白組,3,関ジャニ∞,オモイダマ
65,2014,白組,15,氷川きよし,ちょいときまぐれ渡り鳥
65,2014,白組,44,五木ひろし,よこはま・たそがれ
65,2014,白組,21,ＴＯＫＩＯ,LOVE YOU ONLY
65,2014,白組,22,ＳＭＡＰ,みんなで歌おう！ＳＭＡＰメドレー
65,2014,白組,10,EXILE,NEW HORIZON
65,2014,白組,4,長渕剛,明日へ続く道
65,2014,白組,7,福山雅治,2014スペシャルメドレー
65,2014,白組,3,美輪明宏,愛の讃歌
65,2014,白組,6,嵐,2014 Thanks Medley
66,2015,赤組,1,大原櫻子,瞳
66,2015,赤組,22,伍代夏子,東京五輪音頭
66,2015,赤組,1,乃木坂４６,君の名は希望
66,2015,赤組,3,E-girls,Dance Dance Dance
66,2015,赤組,27,坂本冬美,祝い酒
66,2015,赤組,1,μ's,それは僕たちの奇跡
66,2015,赤組,6,AAA,恋音と雨空
66,2015,赤組,2,島津亜矢,帰らんちゃよか
66,2015,赤組,21,藤あや子,曼珠沙華
66,2015,赤組,3,ｍｉｗａ,fighting -φ- girls
66,2015,赤組,39,和田アキ子,笑って許して
66,2015,赤組,20,天童よしみ,人生一路
66,2015,赤組,3,ＮＭＢ４８,365日の紙飛行機
66,2015,赤組,13,水森かおり,大和路の恋
66,2015,赤組,8,いきものがかり,ありがとう
66,2015,赤組,3,椎名林檎,長く短い祭 ～ここは地獄か天国か篇～
66,2015,赤組,8,ＡＫＢ４８,AKB48 紅白2015 SP ～10周年記念メドレー～
66,2015,赤組,1,Superfly,Beautiful
66,2015,赤組,6,西野カナ,トリセツ
66,2015,赤組,38,石川さゆり,津軽海峡・冬景色
66,2015,赤組,8,Perfume,Pick Me Up
66,2015,赤組,2,ＭＩＳＩＡ,オルフェンズの涙
66,2015,赤組,1,レベッカ,フレンズ
66,2015,赤組,2,今井美樹,PIECE OF MY WISH
66,2015,赤組,3,髙橋真梨子,五番街のマリーへ２０１５
66,2015,赤組,19,松田聖子,赤いスイートピー
66,2015,白組,28,郷ひろみ,２億４千万の瞳 -エキゾチック・ジャパン-
66,2015,白組,3,Ｓｅｘｙ Ｚｏｎｅ,ニッポン Cha-Cha-Cha チャンピオン
66,2015,白組,1,三山ひろし,お岩木山
66,2015,白組,2,SEKAI NO OWARI,プレゼント
66,2015,白組,10,德永英明,時代
66,2015,白組,1,山内惠介,スポットライト
66,2015,白組,1,星野源,ＳＵＮ
66,2015,白組,1,ゲスの極み乙女。,私以外私じゃないの
66,2015,白組,6,ゆず,かける
66,2015,白組,16,氷川きよし,男花
66,2015,白組,39,細川たかし,心のこり
66,2015,白組,4,関ジャニ∞,前向きスクリーム！
66,2015,白組,4,三代目 J Soul Brothers,Summer Madness
66,2015,白組,8,福山雅治,デビュー２５周年スペシャルメドレー
66,2015,白組,22,ＴＯＫＩＯ,AMBITIOUS JAPAN！
66,2015,白組,7,嵐,New Year’s Eve Medley 2015
66,2015,白組,11,ＥＸＩＬＥ,EXILE 紅白スペシャル2015
66,2015,白組,4,ゴールデンボンバー,女々しくて
66,2015,白組,1,BUMP OF CHICKEN,ray
66,2015,白組,45,五木ひろし,千曲川
66,2015,白組,2,Ｖ６,ザッツ！V6メドレー
66,2015,白組,6,X JAPAN,紅白スペシャルメドレー　〜 We are X ! 〜
66,2015,白組,4,美輪明宏,ヨイトマケの唄
66,2015,白組,23,ＳＭＡＰ,This is SMAP メドレー
66,2015,白組,48,森進一,おふくろさん
66,2015,白組,10,近藤真彦,ギンギラギンにさりげなく
67,2016,赤組,1,PUFFY,PUFFY 20周年紅白スペシャル
67,2016,赤組,4,E-girls,DANCE WITH ME NOW!
67,2016,赤組,1,欅坂46,サイレントマジョリティー
67,2016,赤組,4,ｍｉｗａ,結 -ゆい-
67,2016,赤組,21,天童よしみ,あんたの花道
67,2016,赤組,1,市川由紀乃,心かさねて
67,2016,赤組,19,香西かおり,すき〜真田丸スペシャルVer.〜
67,2016,赤組,4,椎名林檎,青春の瞬き －FROM NEO TOKYO 2016－
67,2016,赤組,8,絢香,三日月
67,2016,赤組,14,水森かおり,越後水原〜白鳥飛翔〜
67,2016,赤組,9,いきものがかり,SAKURA
67,2016,赤組,2,乃木坂46,サヨナラの意味
67,2016,赤組,3,島津亜矢,川の流れのように
67,2016,赤組,7,西野カナ,Dear Bride
67,2016,赤組,2,ＡＩ,みんながみんな英雄
67,2016,赤組,9,AKB48,夢の紅白選抜ＳＰメドレー
67,2016,赤組,9,Perfume,FLASH
67,2016,赤組,1,大竹しのぶ,愛の讃歌
67,2016,赤組,28,坂本冬美,夜桜お七
67,2016,赤組,20,松田聖子,薔薇のように咲いて 桜のように散って
67,2016,赤組,4,髙橋真梨子,ごめんね…
67,2016,赤組,1,宇多田ヒカル,花束を君に
67,2016,赤組,39,石川さゆり,天城越え
67,2016,白組,5,関ジャニ∞,ズッコケ男道〜紅白で夢を歌おう〜
67,2016,白組,7,AAA,ハリケーン・リリ、ボストン・マリ
67,2016,白組,2,三山ひろし,四万十川〜けん玉大使編〜
67,2016,白組,2,山内惠介,流転の波止場〜究極の貴公子編〜
67,2016,白組,4,Sexy Zone,よびすて 紅白 ’16
67,2016,白組,3,SEKAI NO OWARI,Hey Ho from RPG
67,2016,白組,5,三代目 J Soul Brothers,Welcome to TOKYO
67,2016,白組,3,福田こうへい,東京五輪音頭
67,2016,白組,29,郷ひろみ,言えないよ
67,2016,白組,3,Ｖ６,Smile！メドレー
67,2016,白組,7,ゆず,見上げてごらん夜の星を 〜ぼくらのうた〜
67,2016,白組,1,ＲＡＤＷＩＭＰＳ,前前前世 [original ver.]
67,2016,白組,9,福山雅治,2016スペシャルメドレー
67,2016,白組,1,RADIO FISH,PERFECT HUMAN
67,2016,白組,1,桐谷健太,海の声〜みんなの海の声バージョン〜
67,2016,白組,46,五木ひろし,九頭竜川
67,2016,白組,1,KinKi Kids,硝子の少年
67,2016,白組,2,星野源,恋
67,2016,白組,23,ＴＯＫＩＯ,宙船（そらふね）
67,2016,白組,7,X JAPAN,紅
67,2016,白組,1,THE YELLOW MONKEY,JAM
67,2016,白組,17,氷川きよし,白雲の城
67,2016,白組,8,嵐,嵐×紅白スペシャルメドレー
68,2017,赤組,1,Little Glee Monster,好きだ。 ～夢を歌おうver.～
68,2017,赤組,5,E-girls,Love ☆ Queen
68,2017,赤組,1,SHISHAMO,明日も ～紅白2017ver.～
68,2017,赤組,3,ＡＩ × 渡辺直美,キラキラ
68,2017,赤組,1,丘みどり,佐渡の夕笛
68,2017,赤組,2,市川由紀乃,人生一路
68,2017,赤組,22,天童よしみ,道頓堀人情
68,2017,赤組,4,倉木麻衣,渡月橋 ～君 想ふ～
68,2017,赤組,1,TWICE,TT -Japanese ver.-
68,2017,赤組,15,水森かおり,早鞆ノ瀬戸
68,2017,赤組,4,島津亜矢,The Rose
68,2017,赤組,2,欅坂４６,不協和音
68,2017,赤組,29,坂本冬美,男の火祭り
68,2017,赤組,8,西野カナ,パッ
68,2017,赤組,3,乃木坂４６,インフルエンサー
68,2017,赤組,21,松田聖子,新しい明日
68,2017,赤組,5,椎名林檎,目抜き通り
68,2017,赤組,10,Perfume,TOKYO GIRL
68,2017,赤組,10,ＡＫＢ４８,視聴者が選んだ夢の紅白SPメドレー
68,2017,赤組,3,松たか子,明日はどこから
68,2017,赤組,2,Superfly,愛をこめて花束を
68,2017,赤組,5,髙橋真梨子,for you...
68,2017,赤組,40,石川さゆり,津軽海峡・冬景色
68,2017,白組,1,Hey! Say! JUMP,Come On A My House
68,2017,白組,3,山内惠介,愛が信じられないなら ～貴公子たちの舞踏会～
68,2017,白組,3,三山ひろし,男の流儀 ～けん玉世界記録への道～
68,2017,白組,1,竹原ピストル,よー、そこの若いの
68,2017,白組,5,Ｓｅｘｙ Ｚｏｎｅ,ぎゅっと
68,2017,白組,4,福田こうへい,王将
68,2017,白組,6,三代目 J Soul Brothers,HAPPY ～紅白スペシャルバージョン～
68,2017,白組,4,SEKAI NO OWARI,RAIN
68,2017,白組,1,三浦大知,三浦大知 紅白スペシャル
68,2017,白組,1,WANIMA,ともに
68,2017,白組,30,郷ひろみ,2億4千万の瞳 ～GO! GO! バブルリミックス～
68,2017,白組,6,関ジャニ∞,なぐりガキBEAT
68,2017,白組,10,福山雅治,トモエ学園
68,2017,白組,24,ＴＯＫＩＯ,AMBITIOUS JAPAN！
68,2017,白組,47,五木ひろし,夜空
68,2017,白組,8,平井堅,ノンフィクション
68,2017,白組,1,トータス松本,目抜き通り
68,2017,白組,8,X JAPAN,ENDLESS RAIN 2017 紅白スペシャル
68,2017,白組,1,エレファントカシマシ,今宵の月のように
68,2017,白組,3,星野源,Family Song
68,2017,白組,9,嵐,嵐×紅白スペシャルメドレー
68,2017,白組,18,氷川きよし,きよしのズンドコ節
68,2017,白組,8,ゆず,栄光の架橋
69,2018,赤組,30,坂本冬美,夜桜お七
69,2018,赤組,2,Little Glee Monster,世界はあなたに笑いかけている
69,2018,赤組,1,DAOKO,打上花火
69,2018,赤組,2,丘みどり,鳰の湖
69,2018,赤組,23,天童よしみ,ソーラン祭り節2018～どさんこver.～
69,2018,赤組,1,あいみょん,マリーゴールド
69,2018,赤組,16,水森かおり,水に咲く花・支笏湖へ～イリュージョンスペシャル～
69,2018,赤組,1,YOSHIKI feat. サラ,Miracle
69,2018,赤組,1,ブライトマン,Miracle
69,2018,赤組,5,島津亜矢,時代
69,2018,赤組,10,いきものがかり,じょいふる
69,2018,赤組,11,ＡＫＢ４８,恋するフォーチュンクッキー
69,2018,赤組,11,Perfume,Future Pop 紅白SP
69,2018,赤組,3,欅坂４６,ガラスを割れ！
69,2018,赤組,9,西野カナ,トリセツ
69,2018,赤組,4,乃木坂４６,帰り道は遠回りしたくなる
69,2018,赤組,2,TWICE,紅白メドレー2018
69,2018,赤組,3,Superfly,Gifts
69,2018,赤組,13,aiko,カブトムシ
69,2018,赤組,22,松田聖子,SEIKO DREAM MEDLEY 2018
69,2018,赤組,3,松任谷由実,私が好きなユーミンのうた～紅白スペシャル～
69,2018,赤組,3,ＭＩＳＩＡ,アイノカタチ 2018
69,2018,赤組,41,石川さゆり,天城越え
69,2018,白組,7,三代目 J Soul Brothers,R.Y.U.S.E.I.
69,2018,白組,31,郷ひろみ,GOLDFINGER'99～GO！GO！2018～
69,2018,白組,4,山内惠介,さらせ冬の嵐～刀剣男士コラボスペシャル～
69,2018,白組,2,Hey! Say! JUMP,Ultra Music Power ～Hey! Say! 紅白スペシャルver.～
69,2018,白組,1,Suchmos,VOLT-AGE
69,2018,白組,1,純烈,プロポーズ
69,2018,白組,6,Ｓｅｘｙ Ｚｏｎｅ,カラクリだらけのテンダネス～2018紅白ver.～
69,2018,白組,1,YOSHIKI feat. HYDE,Red Swan
69,2018,白組,48,五木ひろし,VIVA・LA・VIDA！～生きてるっていいね！～
69,2018,白組,6,ＤＡ ＰＵＭＰ,Ｕ.Ｓ.Ａ.
69,2018,白組,11,福山雅治,2018スペシャルメドレー
69,2018,白組,1,King & Prince,シンデレラガール
69,2018,白組,7,関ジャニ∞,ここに
69,2018,白組,4,三山ひろし,いごっそ魂～けん玉世界記録への道、再び～
69,2018,白組,5,SEKAI NO OWARI,サザンカ
69,2018,白組,12,EXILE,EXILE紅白スペシャル2018
69,2018,白組,2,三浦大知,Be Myself～紅白スペシャル～
69,2018,白組,19,氷川きよし,勝負の花道～世界に響く和太鼓SP～
69,2018,白組,4,星野源,アイデア
69,2018,白組,1,米津玄師,Lemon
69,2018,白組,9,ゆず,うたエール
69,2018,白組,10,嵐,嵐×紅白スペシャルメドレー
70,2019,赤組,1,Foorin,パプリカ －紅白スペシャルバージョン－
70,2019,赤組,14,aiko,花火
70,2019,赤組,1,日向坂４６,キュン
70,2019,赤組,6,島津亜矢,糸
70,2019,赤組,24,天童よしみ,大阪恋時雨
70,2019,赤組,12,ＡＫＢ４８,恋するフォーチュンクッキー～紅白世界選抜SP～
70,2019,赤組,1,LiSA,紅蓮華
70,2019,赤組,31,坂本冬美,祝い酒 ～祝！令和バージョン～
70,2019,赤組,3,丘みどり,紙の鶴
70,2019,赤組,3,TWICE,Let’s Dance Medley 2019
70,2019,赤組,3,Little Glee Monster,ECHO
70,2019,赤組,4,欅坂４６,不協和音
70,2019,赤組,17,水森かおり,高遠 さくら路 ～イリュージョンスペシャル～
70,2019,赤組,7,椎名林檎,人生は夢だらけ～お願いガッテン篇～
70,2019,赤組,5,乃木坂４６,シンクロニシティ
70,2019,赤組,12,Perfume,FUSION - 紅白Ver. -
70,2019,赤組,42,石川さゆり,津軽海峡・冬景色
70,2019,赤組,4,Superfly,フレア
70,2019,赤組,11,いきものがかり,風が吹いている
70,2019,赤組,23,松田聖子,Seiko Best Single Medley
70,2019,赤組,4,MISIA,アイノカタチメドレー
70,2019,白組,32,郷ひろみ,2億4千万の瞳 -エキゾチック “GO！GO！” ジャパン-
70,2019,白組,1,GENERATIONS,EXPerience Greatness
70,2019,白組,2,純烈,純烈のハッピーバースデー
70,2019,白組,3,Hey! Say! JUMP,上を向いて歩こう ～令和スペシャルバージョン～
70,2019,白組,1,Kis-My-Ft2,Everybody Go
70,2019,白組,5,山内惠介,唇スカーレット
70,2019,白組,3,三浦大知,Blizzard
70,2019,白組,1,King Gnu,白日
70,2019,白組,12,福山雅治,デビュー30周年直前SPメドレー
70,2019,白組,49,五木ひろし,VIVA・LA・VIDA！～生きてるっていいね！～
70,2019,白組,7,DA PUMP,DA PUMP ～ONE TEAMメドレー～
70,2019,白組,1,Official髭男dism,Pretender
70,2019,白組,2,King & Prince,King & Prince ～紅白スペシャルメドレー～
70,2019,白組,5,三山ひろし,望郷山河 ～第３回 けん玉世界記録への道～
70,2019,白組,8,関ジャニ∞,関ジャニ∞ 前向きにきばってこーぜ！OSAKAメドレー
70,2019,白組,5,星野源,Same Thing
70,2019,白組,2,RADWIMPS,
70,2019,白組,1,菅田将暉,まちがいさがし
70,2019,白組,10,ゆず,紅白SPメドレー 2019-2020
70,2019,白組,20,氷川きよし,紅白限界突破スペシャルメドレー
70,2019,白組,11,嵐,嵐×紅白 スペシャルメドレー
71,2020,赤組,2,Foorin,パプリカ
71,2020,赤組,1,milet,inside you
71,2020,赤組,2,日向坂46,アザトカワイイ
71,2020,赤組,1,櫻坂46,Nobody’s fault
71,2020,赤組,4,Little Glee Monster,足跡
71,2020,赤組,18,水森かおり,瀬戸内　小豆島 ～２０２０映えＳＰ～
71,2020,赤組,32,坂本冬美,ブッダのように私は死んだ
71,2020,赤組,25,天童よしみ,あんたの花道 ～腹筋太鼓乱れ打ちSP～
71,2020,赤組,6,乃木坂46,Route 246
71,2020,赤組,1,NiziU,Make you happy
71,2020,赤組,13,Perfume,Perfume Medley 2020
71,2020,赤組,1,BABYMETAL,イジメ、ダメ、ゼッタイ
71,2020,赤組,1,JUJU,やさしさで溢れるように
71,2020,赤組,2,LiSA,アニメ「鬼滅の刃」紅白ＳＰメドレー
71,2020,赤組,1,YOASOBI,夜に駆ける
71,2020,赤組,1,東京事変,うるうるうるう〜能動的閏〆篇〜
71,2020,赤組,2,あいみょん,裸の心
71,2020,赤組,5,Superfly,愛をこめて花束を
71,2020,赤組,43,石川さゆり,天城越え
71,2020,赤組,24,松田聖子,瑠璃色の地球 2020
71,2020,赤組,5,MISIA,アイノカタチ
71,2020,白組,3,King & Prince,I promise
71,2020,白組,6,山内惠介,恋する街角
71,2020,白組,4,Hey! Say! JUMP,紅白ＳＰメドレー ～みんなでエール２０２０～
71,2020,白組,1,SixTONES,Imitation Rain
71,2020,白組,2,GENERATIONS,You & I
71,2020,白組,3,純烈,愛をください 〜Don’t you cry〜
71,2020,白組,2,Kis-My-Ft2,We never give up!
71,2020,白組,3,鈴木雅之,夢で逢えたら
71,2020,白組,50,五木ひろし,山河
71,2020,白組,1,瑛人,香水
71,2020,白組,33,郷ひろみ,筒美京平 トリビュートメドレー
71,2020,白組,12,嵐,嵐×紅白 2020スペシャルメドレー
71,2020,白組,2,Official髭男dism,I LOVE...
71,2020,白組,6,三山ひろし,北のおんな町　～第４回 けん玉世界記録への道～
71,2020,白組,9,関ジャニ∞,みんなで踊ろう！前向きスクリーム！
71,2020,白組,11,ゆず,雨のち晴レルヤ ～歓喜の歌 紅白SP～
71,2020,白組,2,Mr.Children,Documentary film
71,2020,白組,6,星野源,うちで踊ろう（大晦日）
71,2020,白組,21,氷川きよし,限界突破×サバイバー
71,2020,白組,13,福山雅治,家族になろうよ
